headline,tag_1,tag_2,tag_3,years,day,month,date
助力文化出海 创造共赢机遇,文化,创新,颁布,2020,29,0,NA
以开放合作共赢精神共谋发展（思想纵横）,合作共赢,共谋发展,经济,2020,26,0,NA
携手抗疫让东盟与中国实现共赢（国际论坛）,疫情,卫生,合作,2020,7,0,NA
破坏合作共赢必为时代所弃（钟声）,合作共赢,蓬佩奥,经济,2020,2,0,NA
发挥金融优势 促进互利共赢（患难见真情 共同抗疫情）,金融,疫情,国有企业,2020,30,0,NA
扩大双向开放 深化务实合作 实现互利共赢,合作,扩大双向开放,互利共赢,2020,23,0,NA
扩大双向开放 深化务实合作 实现互利共赢,合作,扩大双向开放,互利共赢,2020,23,0,NA
相互支持 合作共赢（和音）,合作共赢,友好,中非团结抗疫,2020,22,0,NA
推动网上举办的广交会有特色出成效 保产业链安全稳外贸外资促合作共赢,广交会,企业,对外贸易,2020,16,0,NA
推动网上举办的广交会有特色出成效 保产业链安全稳外贸外资促合作共赢,广交会,企业,对外贸易,2020,16,0,NA
千里寄情 抗疫共赢,抗疫,省工信厅物资筹备组,江原道,2020,8,0,NA
以开放合作共赢胸怀谋划发展（和音）,改革,合作,胸怀谋划发展,2020,1,0,NA
全球战疫没有输赢只有共赢（钟声）,疫情,病毒,“我们”,2020,19,0,NA
城市管理，共情才能共赢（一线视角）,城市管理,疫情,执法,2020,18,0,NA
共生，方能共赢（经济新方位·中小企业闯关记③）,服装,陈心韵,经济,2020,8,0,NA
奏响中尼合作共赢新乐章（大使新春寄语）,中尼关系,合作,大使,2020,6,0,NA
强化引领 互促共赢,互促共,党建联盟,指导上市公司,2020,17,0,NA
坚持平等和相互尊重原则 解决双方关切 实现互利共赢,坚持,经济,中美关系,2020,16,0,NA
平等·互利·共赢,中美关系,协议,金融,2020,16,0,NA
平等·互利·共赢,中美关系,协议,金融,2020,16,0,NA
和平合作带来共赢（国际论坛）,和平合作,世界和平作出,“一带一路”,2020,5,0,NA
华为：鲲鹏展翅，力算未来，共赢计算新时代,服务器,分布式数据库,GaussDB,2019,16,0,NA
打造互惠共赢样板工程,管道,中缅关系,样板工程,2019,15,0,NA
美中合作共赢是大势所趋,合作,乔治·布什,大势所趋,2019,3,0,NA
顺应互利共赢世界潮(和音),互利共赢,合作,协议,2019,19,0,NA
开放创新 合作共赢,创新,合作,国际投资,2019,6,0,NA
互利共赢，搭乘中国发展快车,搭乘中国发展,进博会,互利共赢,2019,30,0,NA
主动开放，与世界共赢（钟声）,营商环境,世界经济,改革,2019,28,0,NA
共赢发展 精彩纷呈（钟声）,跨国公司,精彩纷呈,投资,2019,21,0,NA
开启中非合作共赢共同发展新时代（大使随笔）,中非合作,共同发展,合作共赢,2019,6,0,NA
奋斗成就伟业 携手世界共赢,成绩,演说,国际,2019,2,0,NA
增进理解 凝聚共识 为中国与世界的互鉴共赢贡献智慧和力量,凝聚共识,增进理解,互鉴,2019,11,0,NA
推动务实合作 实现互利共赢,合作,创新,中阿关系,2019,9,0,NA
中国不断谱写互利共赢新篇章（大家手笔）,互利共赢,和平,不断谱写,2019,6,0,NA
互利共赢才是顺应时代潮流的选择,国际法研究所,顺应时代潮流,经贸,2019,31,0,NA
寻求全球化新时代的共赢之道,创新,全球化新时代,科技,2019,4,0,NA
开放 协商 合作 共赢 解决国际贸易争端的中国智慧（热点辨析）,国际贸易争端,世界经济,经济,2019,2,0,NA
推进务实合作 实现互利共赢（风从东方来——国际人士谈一带一路合作）,合作,国际,NA,2019,30,0,NA
推进务实合作 实现互利共赢（风从东方来——国际人士谈一带一路合作） 共建一带一路为世界发展提供全新视野,“一带一路”,提供全新视野,世界发展,2019,30,0,NA
推进务实合作 实现互利共赢（风从东方来——国际人士谈一带一路合作） 共建一带一路顺应经济全球化的历史潮流,经济全球化,“一带一路”,历史潮流,2019,30,0,NA
推进务实合作 实现互利共赢（风从东方来——国际人士谈一带一路合作） 共建一带一路创造美好未来,“一带一路”,美好未来,创新,2019,30,0,NA
推进务实合作 实现互利共赢（风从东方来——国际人士谈一带一路合作） 共建一带一路促进世界的繁荣稳定,“一带一路”,合作,繁荣稳定,2019,30,0,NA
推进务实合作 实现互利共赢（风从东方来——国际人士谈一带一路合作） 共建一带一路体现了各国的共同意愿,共同意愿,“一带一路”,产品,2019,30,0,NA
推进务实合作 实现互利共赢(风从东方来——国际人士谈一带一路合作),合作,“一带一路”,互利共赢,2019,28,0,NA
包容，为世界经济夯实共赢基础（从杭州峰会走来）,世界经济,首脑会议,杭州峰会,2019,27,0,NA
互信才能互利 互利带来共赢(钟声),中美关系,合作,国际,2019,26,0,NA
推进务实合作 实现互利共赢（风从东方来——国际人士谈一带一路合作）,合作,“一带一路”,互利共赢,2019,24,0,NA
携手合作、互利共赢是唯一正确选择（国际时评）,合作,国际,国集团,2019,24,0,NA
只有平等对话才能实现互利共赢（国际论坛）,关税,平等对话,互利共赢,2019,22,0,NA
推进务实合作 实现互利共赢（风从东方来——国际人士谈一带一路合作）,合作,“一带一路”,倡议,2019,19,0,NA
“互利共赢使塔中友好充满活力”,友好,合作,中塔关系,2019,13,0,NA
推进务实合作 实现互利共赢（风从东方来——国际人士谈一带一路合作）,合作,“一带一路”,国际,2019,12,0,NA
推进务实合作 实现互利共赢（风从东方来——国际人士谈一带一路合作）,合作,“一带一路”,塞尔维亚,2019,10,0,NA
推进务实合作 实现互利共赢（风从东方来——国际人士谈一带一路合作）,合作,“一带一路”,经济,2019,4,0,NA
切磋长本领 交流促共赢,交流,比赛,技术,2019,3,0,NA
推进务实合作 实现互利共赢（风从东方来——国际人士谈一带一路合作）,合作,“一带一路”,青年,2019,2,0,NA
推进务实合作 实现互利共赢（风从东方来——国际人士谈一带一路合作）,合作,科技,“一带一路”,2019,31,0,NA
推进务实合作 实现互利共赢（风从东方来——国际人士谈一带一路合作）,合作,“一带一路”,倡议,2019,29,0,NA
推进务实合作 实现互利共赢（风从东方来——国际人士谈一带一路合作）,合作,“一带一路”,交流,2019,27,0,NA
推进务实合作 实现互利共赢（风从东方来——国际人士谈一带一路合作）,合作,“一带一路”,倡议,2019,24,0,NA
推进务实合作 实现互利共赢（风从东方来——国际人士谈一带一路合作）,合作,“一带一路”,建设,2019,20,0,NA
推进务实合作　实现互利共赢（风从东方来——国际人士谈一带一路合作）,合作,“一带一路”,国际,2019,17,0,NA
立足全球探索共赢共创,赢共创,伊利集团,产品,2019,10,0,NA
实现八方共赢诠释中国担当,红豆集团董事局,经济特区,西哈努克,2019,10,0,NA
共建一带一路　实现互利共赢,“一带一路”,合作,倡议,2019,28,0,NA
共建一带一路  实现互利共赢,“一带一路”,合作,倡议,2019,27,0,NA
共建一带一路  实现互利共赢,“一带一路”,倡议,合作,2019,27,0,NA
“这本书让我们更好理解合作共赢理念”,“一带一路”,本书,倡议,2019,25,0,NA
加强合作交流 实现互利共赢,合作,“一带一路”,青年,2019,25,0,NA
推进务实合作 实现互利共赢（风从东方来——国际人士谈一带一路合作）,合作,“一带一路”,倡议,2019,23,0,NA
推进务实合作　实现互利共赢（风从东方来——国际人士谈一带一路合作）,合作,“一带一路”,倡议,2019,22,0,NA
推进务实合作 实现互利共赢（风从东方来——国际人士谈一带一路合作）,合作,“一带一路”,倡议,2019,19,0,NA
持续扩大开放 打造共赢空间（钟声）,扩大开放,中日关系,对话,2019,16,0,NA
推进务实合作 实现互利共赢（风从东方来——国际人士谈一带一路合作）,合作,“一带一路”,建设,2019,15,0,NA
推进务实合作 实现互利共赢（风从东方来——国际人士谈一带一路合作）,合作,“一带一路”,倡议,2019,8,0,NA
融入当地发展 实现互利共赢（一带一路建设进行时）,建设,互利共赢,税务,2019,7,0,NA
“中意互利共赢迎来新机遇”,马尔科·特隆凯蒂·普罗维拉,互利共赢,合作,2019,7,0,NA
“携手打造缅中互利共赢示范项目”（共建一带一路）,中缅关系,中缅油气管道项目生产运行部,天然气,2019,5,0,NA
推进务实合作 实现互利共赢（风从东方来——国际人士谈一带一路合作）,合作,“一带一路”,国际,2019,3,0,NA
“与中国结伴同行，实现合作共赢”,贝卡尔特集团,合作,市场,2019,2,0,NA
做大合作蛋糕 实现互利共赢,做大合作蛋糕,中德关系,互利共赢,2019,29,0,NA
平等协商　合作共赢 中国对外援助彰显大国担当（热点辨析）,对外援助,发展中国家,受援国,2019,27,0,NA
深化务实合作　实现互利共赢 涓涓细流汇成中法友谊的江河,中法关系,里昂中法大学,阿兰·梅里埃,2019,25,0,NA
深化务实合作　实现互利共赢 推动文明交流互鉴的真知灼见,文化,互鉴,真知灼见,2019,25,0,NA
深化务实合作　实现互利共赢 探访最美书店（更多精彩）,文章关键词：,NA,NA,2019,25,0,NA
“一带一路合作实现了共赢”（风从东方来——国际人士谈一带一路合作）,合作,倡议,“一带一路”,2019,18,0,NA
南非前总统姆贝基称赞非中合作基于互利共赢,合作,互利共赢,演说,2019,11,0,NA
美商界期待美中早日达成互利共赢协议,协议,克雷格·艾伦,互利共赢,2019,27,0,NA
消费扶贫，在共赢中谋长远（人民时评）,济困,消费扶贫,贫困地区,2019,19,0,NA
“中国的发展给世界带来共赢”（外交经纬）,外交,合作,国际,2019,17,0,NA
一带一路，“互利共赢、共同发展的全球公共产品”（风从东方来——国际人士谈一带一路合作）,合作,“一带一路”,倡议,2019,12,0,NA
谱写中阿合作共赢新篇章（大使新春寄语）,中阿关系,合作,春节,2019,7,0,NA
书写沙漠里的中阿共赢故事,沙漠,阿联酋,战略,2019,2,0,NA
合作共赢　携手成长,合作,企业,市场,2019,22,0,NA
球队，擦亮城市招牌（体育大看台）（——中职篮如何多方共赢（下））,体育,城市,俱乐部,2019,15,0,NA
联赛，不只是比赛（体育大看台）（——中职篮如何多方共赢（上））,比赛,体育,俱乐部,2019,14,0,NA
授人以渔 合作共赢（中国道路中国梦）,合作,授人,企业,2019,14,0,NA
开放共赢 贡献世界 《开放中国一分钟》微视频推出,《开放中国一分钟》,改革开放,“中国一分钟”,2018,12,0,NA
回应合作共赢呼声 引领多边主义潮流,合作,多边主义,世界经济,2018,9,0,NA
开辟互利共赢合作新前景,合作,互利共赢,访问,2018,3,0,NA
习近平出席二十国集团领导人第十三次峰会并发表重要讲话（强调要坚持开放合作、伙伴精神、创新引领、普惠共赢，以负责任态度把握世界经济大方向）,首脑会议,领导人,国集团,2018,1,0,NA
习近平出席二十国集团领导人第十三次峰会并发表重要讲话（强调要坚持开放合作、伙伴精神、创新引领、普惠共赢，以负责任态度把握世界经济大方向）,首脑会议,领导人,国集团,2018,1,0,NA
“一带一路助力欧中合作共赢”,助力欧中合作,“一带一路”,倡议,2018,28,0,NA
努力实现与民营企业合作共赢（支持民营企业在行动）,融资,民营企业合作,金融,2018,24,0,NA
开放合作　互利共赢（在国新办新闻发布会上）,合作,“一带一路”,企业,2018,16,0,NA
“和中国互利共赢，一起‘合唱’”,合作,互利共赢,产品,2018,8,0,NA
“在务实合作中实现共赢”,马蒂亚斯·伯宁格,务实合作,进口,2018,6,0,NA
互学互鉴 共赢美好未来,“一带一路”,合作,倡议,2018,31,0,NA
携手并进 合作共赢 第九届10+3媒体合作研讨会在博鳌举行,媒体合作,合作研讨会,人民日报社国际问题研究中心,2018,30,0,NA
中国与东盟合作共赢（国际论坛）,合作,改革,改革开放,2018,26,0,NA
美国当以“共赢”取代“零和”（国际论坛）,“零和”,“共赢”,中美关系,2018,14,0,NA
合作共赢才能扩大自身利益 零和思维不符合时代潮流（新知新觉）,时代潮流,合作,规则,2018,10,0,NA
实现一带一路互利共赢,“一带一路”,互利共赢,合作,2018,28,0,NA
合作共赢，携手构建　更加紧密的中非命运共同体（权威论坛）,命运共同体,非中合作,中非命运,2018,25,0,NA
欢迎联大决议重申“合作共赢”和“人类命运共同体”理念,“人类命运共同体”,决议,“合作共赢”,2018,13,0,NA
搭建合作平台 实现互利共赢,合作,东盟博览会,东盟博览会秘书处,2018,11,0,NA
非洲能源互联网搭建共赢平台,因特网,非洲能源互联网发展论坛,非洲能源,2018,7,0,NA
实现合作共赢 促进共同发展,合作共赢,共同发展,首脑会议,2018,6,0,NA
走出一条特色鲜明的合作共赢之路,合作共赢,中非合作论坛,友好,2018,5,0,NA
走出一条特色鲜明的合作共赢之路,合作共赢,中非合作论坛,友好,2018,5,0,NA
为中尼合作共赢注入强劲动力（大使随笔）,中尼关系,合作共赢,大使,2018,5,0,NA
中非合作，共赢未来（评论员观察）,中非合作论坛,评论员,经济,2018,3,0,NA
唱响中非合作共赢共同发展主旋律,中非合作,合作共赢,共同发展,2018,1,0,NA
“共同发出合作共赢、共同发展的声音”,新闻中心,合作共赢,共同发展,2018,1,0,NA
唱响中非合作共赢共同发展主旋律,中非合作,合作共赢,共同发展,2018,1,0,NA
合作共赢，中非携手共同发展（权威论坛）,合作,投资,肯尼亚非洲政策研究所,2018,31,0,NA
坚持对话协商共建共享合作共赢交流互鉴　推动共建“一带一路”走深走实造福人民,“一带一路”,合作,坚持,2018,28,0,NA
合作实现共赢 交流带来机遇 中国制造 融入全球产业链,企业,创新,产品,2018,25,0,NA
合作实现共赢 交流带来机遇 中国制造 融入全球产业链,企业,创新,产品,2018,25,0,NA
合作共赢，助力世界可持续发展（评论员观察）,合作,可持续发展,“一带一路”,2018,23,0,NA
山海同携手 互补谋共赢,合作,产业,经济发达地区,2018,6,0,NA
坚持合作共赢，建设开放经济,经济,合作,建设,2018,28,0,NA
坚持合作共赢，建设开放经济,经济,合作,建设,2018,28,0,NA
同心续写合作共赢新篇章,合作,中南,金砖,2018,23,0,NA
创造中阿合作共赢新历史,中阿关系,合作,阿联酋,2018,20,0,NA
互利共赢 联动发展 中国石化为一带一路建设加油（一带一路·合作共赢）,中国石化,合作,哈萨克斯坦阿特劳炼厂,2018,12,0,NA
面向未来 双向开放 合作共赢,合作,中德关系,企业,2018,10,0,NA
面向未来 双向开放 合作共赢,合作,中德关系,企业,2018,10,0,NA
开放的中国与世界共赢,世贸组织,改革开放,多边贸易体制,2018,2,0,NA
中小企业探寻创新共赢之路,中小企业,创新,赢之路,2018,29,0,NA
保障国家安全　促进互利共赢 积极参与制定跨境数据流动规则（新知新觉）,数据流动规则,网络,经济建设,2018,5,0,NA
为合作共赢创造全球样本(钟声),中德关系,合作共赢,创新,2018,25,0,NA
中美经贸磋商成果是共赢选择（打开对外开放新局面）,中美关系,经贸,成果,2018,21,0,NA
扩大进口，中国唱响共赢曲（打开对外开放新局面）,扩大进口,对外开放,赢曲,2018,14,0,NA
用互利共赢解开中美经贸“心结”,经贸,中美关系,互利共赢,2018,5,0,NA
国企民企互促共赢格局已经形成（热点辨析）,国有企业,民营企业,竞争,2018,2,0,NA
我国对外投资促进合作共赢（热点辨析）,中国,国际投资,合作,2018,30,0,NA
扩大开放　惠及中国惠及世界（经济观察·聚焦开放共赢③）,经济,扩大开放,外资,2018,17,0,NA
提供增长动力　拓宽发展路径（经济观察·聚焦开放共赢②）,人口,脱贫,世界经济,2018,16,0,NA
聚焦合作  致力共赢 着力提高处理大国关系的能力（适势求是）,大国关系,战略,中美关系,2018,15,0,NA
开放融通，中国为全球增长添动力(经济观察·聚焦开放共赢①),经济增长,改革,改革开放,2018,12,0,NA
习近平出席博鳌亚洲论坛2018年年会开幕式并发表主旨演讲（强调顺应时代潮流 坚持开放共赢 宣布中国扩大开放新的重大举措）,开幕式,演说,颁布,2018,11,0,NA
在扩大开放中推动互利共赢（评论员观察）,互利共赢,扩大开放,改革,2018,9,0,NA
两千多位各国嘉宾将共商合作共赢大计 “博鳌时间”，亚洲与世界共鸣,博鳌亚洲论坛,“一带一路”,合作,2018,8,0,NA
两千多位各国嘉宾将共商合作共赢大计 “博鳌时间”，亚洲与世界共鸣,博鳌亚洲论坛,“一带一路”,合作,2018,8,0,NA
唯有合作 才能共赢(手记),唯有合作,中美关系,“美国优先”,2018,28,0,NA
打造区域人才协作共赢格局（圆桌会）,合作,区域人才,协作共赢,2018,17,0,NA
在中国经济快速发展的进程中，公有制经济与非公有制经济、国有企业与非国有企业从来不是对立的关系，更多的是优势互补、互利共赢—— 国企民企，携手迈向高质量发展（在习近平新时代中国特色社会主义思想指引下——新时代新气象新作为·坚持两个毫不动摇）,国有企业,国企民企,社会主义,2018,7,0,NA
在中国经济快速发展的进程中，公有制经济与非公有制经济、国有企业与非国有企业从来不是对立的关系，更多的是优势互补、互利共赢—— 国企民企，携手迈向高质量发展（在习近平新时代中国特色社会主义思想指引下——新时代新气象新作为·坚持两个毫不动摇）,国有企业,国企民企,社会主义,2018,7,0,NA
协同共赢,企业,津冀,发展战略,2018,28,0,NA
西班牙九个自治区参与中欧班列合作共赢,中欧班列,九个自治区,合作,2017,21,0,NA
合作共赢才是大国相处之道（人民观察）,合作,中美关系,国际,2017,10,0,NA
携手谱写亚太合作共赢新篇章,亚太合作,创新,就业,2017,12,0,NA
互利共赢，为中越人民带来更多福祉,文章关键词：,NA,NA,2017,9,0,NA
共赢理念展现中国方案优势（势所必然）,措施,国际,和平,2017,5,0,NA
“对接中国市场，意味着共赢”,安德雷亚斯·平克瓦特,对接,市场,2017,1,0,NA
一带一路，历史与现实的壮丽乐章（大国外交·共赢）,建设,合作,“一带一路”,2017,16,0,NA
一带一路，历史与现实的壮丽乐章（大国外交·共赢）,建设,合作,“一带一路”,2017,16,0,NA
出境游热潮带来消费红利  走出去发展谋求合作共赢 中国旅游企业，扬帆出海正当时,旅游企业,兼并,市场,2017,12,0,NA
开放发展 实现互利共赢,建设,国际,对外开放,2017,10,0,NA
同奏合作共赢乐章（身在海外 心系祖国（下））,合作共赢,土地,维和,2017,7,0,NA
坚持合作创新法治共赢 携手开展全球安全治理,整治,合作,安全治理,2017,27,0,NA
互鉴共进 推动合作共赢,希腊文化和体育部,合作,交流,2017,21,0,NA
共建 共享 共赢 共荣 开创合作新格局 讲好丝路新故事,合作,丝路,“一带一路”,2017,20,0,NA
兵地牵手 共建共赢（大熔炉）,兵地,兵团,民族团结,2017,19,0,NA
把握一带一路机遇  构筑合作共赢之路（一带一路论坛）,“一带一路”,合作共赢,国际,2017,19,0,NA
能源丝路铺就合作共赢金桥,合作,能源,中哈关系,2017,18,0,NA
东亚联通 丝路共赢,东亚,海洋,合作,2017,13,0,NA
务实创新 合作共赢（钟声）,合作,金砖国家工商论坛,创新,2017,11,0,NA
共享共赢才能致远（每月经济观察）,经济全球化,改革,世界经济,2017,4,0,NA
合作共赢成现实,合作,建设,新疆利华棉业,2017,6,0,NA
保护与建设并进 美丽与发展共赢 内蒙古 大美生态做文章（守望相助七十载 壮美亮丽内蒙古）,草原,生产,故事,2017,5,0,NA
一点连三洲 一线串美欧（一带一路·合作共赢）,合作,一线串,连三洲,2017,27,0,NA
聚焦精准 深化帮扶 长期合作 实现共赢,合作,济困,精准,2017,21,0,NA
中企对美投资收获互利共赢,投资,企业,兼并,2017,17,0,NA
格力领跑家电企业海外设厂（一带一路·合作共赢）,一带一路,家电企业,合作,2017,15,0,NA
云南：贸易畅通 货币交融（一带一路·合作共赢）,云南富滇银行,货币交融,合作,2017,13,0,NA
中法聚焦一带一路倡议下企业合作共赢新机遇,合作,中法关系,企业,2017,13,0,NA
共享绿色能源 铺就发展新路（一带一路·合作共赢）,合作,绿色能源,建设,2017,9,0,NA
互联互通 互惠共赢 “债券通”上路（说词解事）,“债券通”,债券市场,合作,2017,6,0,NA
萨希瓦尔电站投产发电（一带一路·合作共赢）,萨希瓦尔电站,投产,合作,2017,4,0,NA
宁波：发挥区位优势 放大对接效应（一带一路·合作共赢）,合作,对接,“一带一路”,2017,5,0,NA
蒙内铁路 正式通车（一带一路·合作共赢）,铁路,合作,通车,2017,1,0,NA
小红书，与世界分享好生活（一带一路·合作共赢）,小红书,合作,红书经,2017,30,0,NA
重庆 财政补出“三方共赢”（治国理政新思想新实践·新理念引领新发展）,财政,“三方共赢”,实践,2017,26,0,NA
新西兰本土最大家电企业与中企合作，书写共赢故事 当斐雪派克搭上“海尔巨轮”,斐雪派克,企业,市场,2017,21,0,NA
布拉格机场：直航带来商机（一带一路·合作共赢）,布拉格机场,瓦茨拉夫·雷哈什,合作,2017,19,0,NA
西港特区：花开蝶自来（一带一路·合作共赢）,柬埔寨西港特区,花开蝶自,合作,2017,19,0,NA
中国设计：省钱又可靠（一带一路·合作共赢）,设计,合作,赫维利,2017,19,0,NA
让企业在开放共赢中释放活力（观察）,企业,“一带一路”,建设,2017,18,0,NA
“一带一路”国际合作高峰论坛举行圆桌峰会（习近平主持会议并致辞  强调密切政策协调  对接发展战略  深化务实合作  实现互利共赢  共同推动“一带一路”建设合作不断取得新进展）,“一带一路”,高峰,首脑会议,2017,16,0,NA
中国方案全球受惠 一带一路互利共赢,建设,“一带一路”,措施,2017,16,0,NA
共建一带一路　实现共赢发展,国际会议中心,首脑会议,“一带一路”,2017,16,0,NA
“一带一路”国际合作高峰论坛举行圆桌峰会（习近平主持会议并致辞  强调密切政策协调  对接发展战略  深化务实合作  实现互利共赢  共同推动“一带一路”建设合作不断取得新进展）,“一带一路”,高峰,首脑会议,2017,16,0,NA
习近平出席“一带一路”国际合作高峰论坛开幕式并发表主旨演讲（强调坚持以和平合作、开放包容、互学互鉴、互利共赢为核心的丝路精神将“一带一路”建成和平之路、繁荣之路、开放之路、创新之路、文明之路）,“一带一路”,国际合作,开幕式,2017,15,0,NA
齐心协力，再筑“中巴友谊路”（一带一路·合作共赢）,公路,“中巴友谊路”,合作共赢,2017,15,0,NA
中企对沿线国家直接投资超600亿美元（一带一路·合作共赢）,合作,沿线国家,国家直接投资,2017,13,0,NA
建设中的中马友谊大桥（一带一路  合作共赢）,中马友谊大桥,建设,合作,2017,13,0,NA
中资银行在一带一路沿线国家设62家一级机构（一带一路·合作共赢）,沿线国家,机构,银行,2017,12,0,NA
一带一路 国际星空摄影展开幕（一带一路 合作共赢）,开幕,国际,摄影展,2017,12,0,NA
打造丝绸之路经济带上的明珠（一带一路·合作共赢）,合作,白工业园,丝绸之路,2017,12,0,NA
中国与沿线国家贸易总额20万亿元（一带一路·合作共赢）,沿线国家,合作,国家贸易总额,2017,11,0,NA
奏响共同发展的交响乐（一带一路·合作共赢）,合作,“一带一路”,共同发展,2017,11,0,NA
中欧班列开行情况（一带一路·合作共赢）,合作,“一带一路”,NA,2017,11,0,NA
佛山制造走向世界（一带一路·合作共赢）,合作,企业,“一带一路”,2017,11,0,NA
北京欢迎你（一带一路  合作共赢）,北京市政府,“一带一路”,高峰论坛,2017,11,0,NA
中国药企扎根中亚谋共赢（一带一路·合作共赢）,四川民营企业科伦药业,一带一路,药物,2017,11,0,NA
奏响共同发展的交响乐（一带一路·合作共赢）,合作,“一带一路”,共同发展,2017,11,0,NA
从“共商共建共享”走向共赢（评论员观察）,“共商共建共享”,“一带一路”,倡议,2017,11,0,NA
一带一路科技合作成果逐步显现（一带一路·合作共赢）,科技合作,成果逐步显现,“一带一路”,2017,10,0,NA
通途（一带一路·合作共赢）,合作,“一带一路”,经济建设,2017,10,0,NA
用中国品质给世界“加油”（一带一路·合作共赢）,合作,中石化国际勘探埃及公司,长城润滑油新加坡公司,2017,10,0,NA
用法律语言共商，靠法律制度共建，让法治保障共赢—— 法律服务，护航“一带一路”,“一带一路”,法律服务,涉外,2017,10,0,NA
精耕一带一路 开拓海外市场（一带一路 合作共赢）,市场,辽宁沈阳北方重工,土耳其伊斯坦布尔地铁盾构机,2017,10,0,NA
央企参与一带一路项目1676个（一带一路·合作共赢）,合作,建设,企业,2017,9,0,NA
北京全力以赴做准备 迎一带一路高峰论坛（一带一路·合作共赢）,高峰论坛,合作,“一带一路”,2017,9,0,NA
全球能源互联网建设正有序推进（一带一路·合作共赢）,能源互联网,因特网,建设,2017,9,0,NA
远航吧　跨境电商（一带一路 合作共赢·大数据观察·聚焦一带一路）,跨境电商,出口,中国,2017,9,0,NA
全球能源互联网建设正有序推进（一带一路·合作共赢）,能源互联网,因特网,建设,2017,9,0,NA
中哈能源合作：互利共赢的典范（“一带一路”·合作共赢）,合作,中哈能源,“一带一路”,2017,8,0,NA
中国智造，与世界共赢（钟声）,首飞,创新,航空,2017,8,0,NA
陕西 内陆省有颗外向的心（“一带一路”·合作共赢）,合作,“一带一路”,口岸,2017,7,0,NA
中白合作互利共赢（“一带一路”·高端访谈）,弗拉基米尔·谢马什科,合作,“一带一路”,2017,7,0,NA
用中国标准为世界“充电”（“一带一路”·合作共赢）,合作,标准,“一带一路”,2017,5,0,NA
“我们就像一家人”（“一带一路”·合作共赢）,合作,“一带一路”,“我们就像一家人”,2017,3,0,NA
埃中合作是互利共赢典范（“一带一路”·高端访谈）,合作,“一带一路”,纳塞尔·福埃德,2017,3,0,NA
汕头 发展注入新动力(“一带一路”·合作共赢),“一带一路”,合作,奥飞娱乐股份有限公司,2017,1,0,NA
让中国图书火到阿拉伯（“一带一路”·合作共赢）,图书,“一带一路”,阿拉伯,2017,30,0,NA
“中国建设者给我们的最好礼物”(“一带一路”·合作共赢),亚吉铁路建设,合作,“一带一路”,2017,29,0,NA
创国际医疗中心  建跨境服务平台(“一带一路”·合作共赢),国际医疗中心,合作,新疆维吾尔自治区中医院,2017,27,0,NA
中车株机 助力马来西亚列车本土造（“一带一路”·合作共赢）,火车,车株机,合作,2017,26,0,NA
大通道上，中欧贸易更便捷(“一带一路”·合作共赢),大通道,中欧贸易,“一带一路”,2017,25,0,NA
打好国际牌  巨头再腾飞（“一带一路”·合作共赢）,“一带一路”,合作,迪特里希·爱格霍夫,2017,24,0,NA
走出去 求共赢（“一带一路”·合作共赢）,合作,“一带一路”,建设,2017,22,0,NA
“这个市场太大太重要”（“一带一路”·合作共赢）,“一带一路”,市场,企业,2017,21,0,NA
广西 抓住机遇谋共赢（“一带一路”·合作共赢）,文章关键词：,NA,NA,2017,20,0,NA
让“非洲制造”的梦想照进现实（“一带一路”·合作共赢）,“一带一路”,华坚国际轻工业园,“非洲制造”,2017,18,0,NA
让“非洲制造”的梦想照进现实（“一带一路”·合作共赢）,“一带一路”,华坚国际轻工业园,“非洲制造”,2017,18,0,NA
福州：贸易重镇 向海而歌（“一带一路”·合作共赢）,合作,“一带一路”,东盟海产品交易所,2017,17,0,NA
建设“一带一路”  实现共赢发展（“一带一路”论坛）,“一带一路”,建设,招商局集团有限公司,2017,17,0,NA
泉州 再续丝路情缘（“一带一路”·合作共赢）,“一带一路”,合作共赢,城市,2017,14,0,NA
西港特区 共享联动红利（“一带一路”·合作共赢）,合作共赢,经济特区,西港特区,2017,14,0,NA
泉州 再续丝路情缘（“一带一路”·合作共赢）,“一带一路”,合作共赢,城市,2017,14,0,NA
西港特区 共享联动红利（“一带一路”·合作共赢）,合作共赢,经济特区,西港特区,2017,14,0,NA
坚持对话合作 坚持互利共赢,合作,中美关系,对话,2017,9,0,NA
坚持对话合作 坚持互利共赢,合作,中美关系,对话,2017,9,0,NA
互利共赢，中美经济融合度越来越高（国际视点）,中美关系,经济,投资,2017,7,0,NA
愿在相互尊重、合作共赢基础上拓展中美经贸务实合作,经贸,中美关系,合作,2017,31,0,NA
中国民企在美国走出共赢路（第一现场）,中美关系,赫苏斯·弗罗莱斯,万向美国公司,2017,20,0,NA
互利共赢，中德贸易再上新台阶,中德关系,互利共赢,欧元,2017,14,0,NA
为世界创造互利共赢新机遇（海外话两会）,创新,“一带一路”,对外开放,2017,12,0,NA
加强政企互动 促进共赢发展（两会·问答）,企业,地方,委员,2017,10,0,NA
产能合作筑就中哈互利共赢之路,中哈关系,原油,合作,2017,2,0,NA
合作共赢才是正道（大家手笔）,中美关系,合作,出口,2017,26,0,NA
秉持相互尊重 平等合作 互利共赢 实现深度利益融合,合作,中法关系,深度利益融合,2017,22,0,NA
秉持相互尊重 平等合作 互利共赢 实现深度利益融合,合作,中法关系,深度利益融合,2017,22,0,NA
共享带来共赢（新春走基层·聚焦建设成就）,春节,成绩,建设,2017,7,0,NA
加强国际合作 共建“一带一路” 实现共赢发展,“一带一路”,国际合作,高峰论坛,2017,3,0,NA
与世界同行，助人类共赢,和平,维护,国际,2017,22,0,NA
习近平出席“共商共筑人类命运共同体”高级别会议并发表主旨演讲（提出构建人类命运共同体 实现共赢共享 建设一个持久和平、普遍安全、共同繁荣、开放包容、绿色低碳的世界）,命运共同体,演说,人类命运,2017,20,0,NA
中国倡议推动合作共赢（外国名家眼中的中国经济）,经济,合作,倡议,2017,17,0,NA
创新释放动能 协调实现共赢（协商之路）,创新,区域,地方发展,2017,4,0,NA
中国发展与世界共赢(新论),世界经济,国际贸易,创新,2016,16,0,NA
开放谋共赢 融合促繁荣(钟声),开放谋共赢,亚太,融合促,2016,22,0,NA
不断把人类和平与发展的崇高事业推向前进（深入学习贯彻习近平同志系列重要讲话精神·治国理政新思想新实践）（——关于构建以合作共赢为核心的新型国际关系的对话）,和平,思想,整治,2016,15,0,NA
朝着合作共赢方向发展 推动国际经济法理念变革（学苑论衡）,国际,整治,经济法理念,2016,7,0,NA
构建合作共赢对外开放体系（治国理政论坛）,对外开放,合作共赢,经济,2016,21,0,NA
通过各国商协会组织民间外交和务实对接，增进交流互信，促进合作共赢—— “一带一路”如何吸引企业参与（委员手记）,“一带一路”,企业,委员,2016,19,0,NA
弘扬传统友谊，深化互利合作，开辟共赢前景,合作,传统友谊,金砖国家经济行,2016,18,0,NA
弘扬传统友谊，深化互利合作，开辟共赢前景,合作,传统友谊,金砖国家经济行,2016,18,0,NA
“三峡品牌” 诠释共赢,“三峡品牌”,水电站,长江三峡集团旗,2016,7,0,NA
加强合作才能实现共赢（微议）,合作,民族地区,技术,2016,29,0,NA
取长补短，中巴纺织业合作谋共赢,合作,国际纺织服装,产品,2016,29,0,NA
包容互鉴、合作共赢已成为时代精神,合作共赢,文化,互鉴,2016,23,0,NA
河北张家口市桥西区集中供热项目引入政府与社会资本合作模式，实现百姓、政府和企业多方共赢—— 民间投资激发新活力（改革敢啃硬骨头）,改革,北京源通热力有限公司,投资,2016,18,0,NA
河北张家口市桥西区集中供热项目引入政府与社会资本合作模式，实现百姓、政府和企业多方共赢—— 民间投资激发新活力（改革敢啃硬骨头）,改革,北京源通热力有限公司,投资,2016,18,0,NA
建设包容型世界经济，夯实共赢基础（G20再出发·构建创新、活力、联动、包容的世界经济）,世界经济,建设,首脑会议,2016,14,0,NA
奏响共赢曲 引领新繁荣,“一带一路”,合作,经济,2016,7,0,NA
“一带一路”，让开放中国与世界共赢,“一带一路”,建设,倡议,2016,7,0,NA
奏响共赢曲 引领新繁荣,“一带一路”,合作,经济,2016,7,0,NA
中企投资德国，融合创造共赢,投资,企业,兼并,2016,5,0,NA
合作共赢，实现包容发展（评论员观察）,合作共赢,首脑会议,评论员,2016,2,0,NA
促进不同文明真诚对话、互学互鉴、合作共赢（深入学习贯彻习近平同志系列重要讲话精神）,文化,习近平同志,不同文明,2016,23,0,NA
携手同行 合作共赢（治国理政新思想新实践·新理念带来新变化）,合作共赢,国际关系,实践,2016,8,0,NA
携手同行 合作共赢（治国理政新思想新实践·新理念带来新变化）,合作共赢,国际关系,实践,2016,8,0,NA
发挥独特优势 寻求合作共赢 青岛开拓“一带一路”新兴市场,“一带一路”,市场,合作,2016,7,0,NA
和平合作  开放包容  互学互鉴  互利共赢 携手建设“一带一路”命运共同体,“一带一路”,建设,共同体,2016,27,0,NA
坚持合作共赢 促进共同发展,合作,共同发展,坚持,2016,18,0,NA
共建“一带一路” 推进互利共赢,“一带一路”,合作,中泰关系,2016,9,0,NA
全面深化中希、中欧合作 更好实现互利共赢,合作,中希关系,互利共赢,2016,5,0,NA
全面深化中希、中欧合作 更好实现互利共赢,合作,中希关系,互利共赢,2016,5,0,NA
树立中波合作共赢典范,合作,中波轮船公司,波兰分公司,2016,29,0,NA
区域安全与经济合作并重  打造互利共赢命运共同体 上合，迎来务实合作新时期（权威论坛）,合作,合组织,首脑会议,2016,23,0,NA
开创中塞互利共赢新局面,塞尔维亚斯梅代雷沃,中塞关系,合作,2016,22,0,NA
做强西港特区 致力合作共赢,经济特区,合作,西港特区,2016,8,0,NA
加强合作才能实现互利共赢,合作,整治,对话,2016,6,0,NA
深化产能合作 实现互利共赢,产能合作,互利共赢,理事会,2016,3,0,NA
京筑创新合作多方共赢,创新,合作,京筑,2016,31,0,NA
泛北合作，从共识到共赢,泛北合作联合专家组,广西德天瀑布,中马钦州产业园区管委会,2016,23,0,NA
十五、推动构建以合作共赢为核心的新型国际关系,合作共赢,和平,“一带一路”,2016,11,0,NA
公共外交时代更有条件合作共赢,公共外交时代,中美关系,“修昔底德陷阱”,2016,8,0,NA
安全合作迎难而上　追求共建共享共赢 搭建亚洲地区安全与合作新架构（权威论坛）,亚洲地区,合作,经济,2016,27,0,NA
责任共担  合作共赢,合作,禁毒,制贩,2016,18,0,NA
周琦选秀 如何共赢（体坛观澜）,选秀,周琦,国家队和俱乐部,2016,17,0,NA
用时间换空间 从共享到共赢 车子多车位少 错时停是一招（微调查）,车位,管理,资源,2016,4,0,NA
积极拓展互利共赢合作 坚定推进全球安全治理,合作,首脑会议,整治,2016,3,0,NA
加强中美合作，实现共赢和共同安全,合作,中美关系,共同安全,2016,3,0,NA
积极拓展互利共赢合作 坚定推进全球安全治理,合作,首脑会议,整治,2016,3,0,NA
不断推进捷中互利共赢,合作,互利共赢,中捷关系,2016,27,0,NA
合作共赢　助力中国的可持续发展,拜耳公司,合作,可持续发展,2016,25,0,NA
着眼合作共赢、共同发展 “一带一路”打造世界经济新引擎（热点辨析）,文章关键词：,NA,NA,2016,18,0,NA
开放  拥抱世界谋共赢（聚焦新发展理念）,中国,“一带一路”,竞争,2016,3,0,NA
习近平主席去年4月对巴基斯坦的访问，开辟中巴合作共赢新征程 中巴经济走廊建设硕果累累,中巴经济走廊,建设,合作,2016,19,0,NA
去库存，共赢方能有效（子夜走笔）,棚改户,商品房,政府,2016,17,0,NA
平等合作  互利共赢 中非合作与“新殖民主义”无关（热点辨析）,新殖民主义,中非合作,谴责,2016,3,0,NA
合作共赢谱新篇（《全面小康热点面对面》⑤）,合作,对外开放,经济,2016,3,0,NA
合作共赢成样板 红豆园区，花开柬埔寨（中国品牌　中国故事）,经济特区,中柬关系,故事,2016,3,0,NA
一带一路　开启合作互利共赢之窗,合作,“一带一路”,互利共赢,2015,29,0,NA
新型国际关系　以合作共赢为核心,合作,国际关系,建设,2015,29,0,NA
打造贸易中心　促进合作共赢 中国龙城落户巴林,龙城,中巴关系,中国中东投资贸易促进中心,2015,28,0,NA
交流·理解·共赢（出访归来）,交流,访问,城市,2015,23,0,NA
深入推进中哈产能合作　更好实现互利共赢,中哈关系,产能合作,互利共赢,2015,15,0,NA
为中非互利共赢提供有力支撑,合作伙伴关系,战略,“五大支柱”,2015,8,0,NA
开启中非合作共赢、共同发展的新时代（钟声）,中非合作,合作共赢,共同发展,2015,7,0,NA
开启中非合作共赢、共同发展的新时代,合作共赢,中非合作,共同发展,2015,5,0,NA
开放与共赢之举（钟声）,人民币,经济,国际货币基金组织,2015,2,0,NA
习近平出席气候变化巴黎大会开幕式并发表重要讲话（强调坚定信心 齐心协力 携手构建合作共赢、公平合理的气候变化治理机制）,气候变化,巴黎大会,出席,2015,1,0,NA
携手构建合作共赢、公平合理的气候变化治理机制,气候变化,整治,合作,2015,1,0,NA
绘合作共赢蓝图 启共同发展征程（大使随笔）,合作,大使,埃及仪仗队,2015,30,0,NA
携手开创互利共赢合作新局面,合作,中东欧国家经贸论坛,互利共赢,2015,25,0,NA
携手开创互利共赢合作新局面,合作,中东欧国家经贸论坛,互利共赢,2015,25,0,NA
世代友好　合作共赢　加快推进东亚经济—体化进程,合作,东亚,经济,2015,22,0,NA
开创“16+1”合作共赢新局面（钟声）,合作,“16+1”,中东欧,2015,21,0,NA
习近平出席亚太经合组织第二十三次领导人非正式会议并发表重要讲话（强调立足当前、面向未来，推进合作共赢，共促亚太繁荣）,亚太,会议,领导人,2015,20,0,NA
汇聚共赢发展的信心和力量,首脑会议,世界经济,安塔利亚,2015,18,0,NA
让“共赢”成为中国企业基因（感言·特别策划·中国品牌好声音）,企业,“共赢”,策划,2015,9,0,NA
坚持开放发展，着力实现合作共赢,坚持,合作共赢,经济,2015,4,0,NA
交流促互信　合作通共赢（大使随笔）,合作通共赢,交流促互信,大使,2015,3,0,NA
以合作共赢理念引领国际关系,国际关系,合作共赢,外交,2015,2,0,NA
合作共赢正当时  睦邻友好续新篇（大使随笔）,合作共赢,大使,中韩关系,2015,31,0,NA
中企“走出去”促进中德合作共赢,中德关系,合作,企业,2015,29,0,NA
世界需要中国的合作共赢理念,泰格埃格奈瓦克·盖图,合作共赢,维和,2015,6,0,NA
互利共赢合作惠及中美和世界（钟声·习近平主席美国、联合国之行系列评论③）,中美关系,合作,习近平主席,2015,5,0,NA
习近平出席第七十届联合国大会一般性辩论并发表重要讲话（强调继承和弘扬联合国宪章宗旨和原则 构建以合作共赢为核心的新型国际关系 打造人类命运共同体）,演说,颁布,一般性辩论,2015,29,0,NA
携手构建合作共赢新伙伴 同心打造人类命运共同体,合作共赢,命运共同体,人类命运,2015,29,0,NA
谋共同永续发展　做合作共赢伙伴,合作共赢,发展中国家,国际,2015,27,0,NA
合作共赢让世界更美好,合作共赢,和平,国际,2015,26,0,NA
主动作为　合作共赢 建设京津冀协同创新共同体,京津冀协同,北京市科学技术委员会,建设,2015,26,0,NA
合作共营　互利共赢,“一带一路”,互利共赢,建设,2015,23,0,NA
互利共赢　责任共担　深度互信 “一带一路”的三个共同体建设（专题深思）,“一带一路”,建设,责任共同体,2015,22,0,NA
推动合作共赢新格局,合作,“一带一路”,建设,2015,22,0,NA
互补合作　互利共赢,合作,互利共赢,粤桂黔农产品流通中心,2015,20,0,NA
和平合作　开放包容　互利共赢　携手建设更为紧密的中国—东盟命运共同体,合作,建设,和平,2015,19,0,NA
政治互信  经济共赢  文明交融 东博会：构筑海上丝绸之路合作重要平台,合作,丝绸之路,商品,2015,17,0,NA
深化经贸合作 实现互利共赢,经贸合作,中美关系,经济,2015,16,0,NA
坚持合作共赢 造福两国人民（钟声）,合作,中美关系,中国梦,2015,9,0,NA
拧成一股绳 共建谋共赢,双楼社区联合党,农村,安国镇,2015,1,0,NA
弱肉强食、穷兵黩武没有出路，和平发展、合作共赢前途光明 中国抗战胜利是人类命运共同体的胜利,人类命运,侵略,抗日战争,2015,1,0,NA
铭记二战惨痛教训，共塑以合作共赢为核心的新型国际关系,合作,国际关系,交战,2015,24,0,NA
湖州“绿”“富”谋共赢,文化,生态文明,建设,2015,6,0,NA
精诚合作　飞向共赢,合作,中国西安飞机公司,西飞,2015,31,0,NA
投资葡萄牙带来互利共赢,投资,企业,中国长江三峡集团,2015,27,0,NA
区域协同 才有共赢（生态论苑）,区域,空气质量,空气污染,2015,25,0,NA
“修建一条互利共赢之路”（专访）,铁路,巴津·占,合作,2015,24,0,NA
多些合作精神 双方才能共赢（读者聚焦）,多些合作精神,物业公司,业主,2015,14,0,NA
着眼共同发展 深化互利共赢,中俄关系,合作,会晤,2015,14,0,NA
坚定信心 合作共赢,合作,金砖,会晤,2015,12,0,NA
三地受益、四方共赢 首农奶牛找到大牧场（京津冀协同发展·关注北京外迁企业）,牧场,首农,企业,2015,7,0,NA
“对接”彰显共赢理念（钟声）,对接,合作,外交,2015,7,0,NA
亚开行和亚投行将实现共赢(国际论坛),竞争,银行,基础设施,2015,2,0,NA
深化务实合作  推动互利共赢,金砖国家合作中,经济,经济建设,2015,1,0,NA
募集社会资本，两手发力；分享节水收益，多方共赢 看合同节水管理如何“试水”,合同节水管理,条约,市场,2015,28,0,NA
加强合作实现共赢（智库峰会好声音）,合作,首脑会议,智库,2015,28,0,NA
开放包容  互利共赢 打造二十一世纪新型多边开发银行,亚投行,基础设施,筹建,2015,25,0,NA
中美文创企业合作寻求共赢,合作,洛杉矶文化创意产业园,伯班克市,2015,19,0,NA
江苏绘就体育产业蓝图  力促相关行业多元共赢,体育产业,体育消费,多元,2015,19,0,NA
以发展促安全实现共赢,亚信非政府论坛,合作,建设,2015,17,0,NA
习近平同安哥拉总统举行会谈（强调中安合作共赢、共同发展互有需要、互有优势、互为机遇）,会谈,合作,安哥拉总统,2015,10,0,NA
七彩云南飞架新丝路 辐射中心开放谋共赢,建设,产业,合作,2015,9,0,NA
双轮驱动 开放共赢（专家视点）,中国,投资,双轮驱动,2015,9,0,NA
销售实惠商品 收获互利共赢 中国电商海外市场显身手,市场,企业,消费,2015,4,0,NA
销售实惠商品  收获互利共赢 中国电商海外市场显身手,市场,网站,阿里巴巴速,2015,4,0,NA
中印两国制造业可以互利共赢（热点辨析）,中印关系,制造业,互利共赢,2015,26,0,NA
推进中巴产能和装备制造合作  更好实现共同发展互利共赢,装备,合作,中巴产能,2015,22,0,NA
推进中巴产能和装备制造合作  更好实现共同发展互利共赢,装备,合作,中巴产能,2015,22,0,NA
加快开放开发 实现合作共赢,开放开发,合作,建设,2015,21,0,NA
国强不图霸 合作促共赢（钟声·中国方略构建人类命运共同体（1））,合作,人类命运,共同体,2015,19,0,NA
对接发展战略　重在互利共赢,发展战略,中白关系,建设,2015,16,0,NA
从共鸣走向共赢（今日谈）,《喀秋莎》,音乐,大陆,2015,7,0,NA
弘扬万隆精神　推进合作共赢,合作,弘扬万隆精神,亚非拉,2015,23,0,NA
习近平在巴基斯坦议会发表重要演讲（构建中巴命运共同体　开辟合作共赢新征程）,演说,巴基斯坦议会,颁布,2015,22,0,NA
构建中巴命运共同体　开辟合作共赢新征程,合作,巴基斯坦议会,命运共同体,2015,22,0,NA
习近平在巴基斯坦议会发表重要演讲（构建中巴命运共同体　开辟合作共赢新征程）,演说,巴基斯坦议会,颁布,2015,22,0,NA
扬帆万隆精神　驶向合作共赢（大使随笔）,万隆精神,合作共赢,大使,2015,19,0,NA
开启合作共赢新航程（钟声）,合作共赢,万隆会议,外交,2015,18,0,NA
共绘互利共赢蓝图（共建“一带一路”）,“一带一路”,企业,建设,2015,17,0,NA
把握互利共赢新机遇(我看“愿景与行动”),“愿景与行动”,经济,合作,2015,14,0,NA
开放合作 和谐包容 互利共赢 “一带一路”：共创美好未来（共建“一带一路”）,“一带一路”,合作,文化,2015,13,0,NA
与广大发展中国家实现共赢共享 中国装备“走出去”赢得赞誉（国际视点）,装备,技术,三峡工程,2015,13,0,NA
“一带一路” 奏响合作共赢最强音（共建“一带一路”）,“一带一路”,合作,建设,2015,13,0,NA
万州 生产生活生态“三生”共赢,“三生”,“生产、生活、生态”,三峡库区,2015,12,0,NA
中企投资欧美，相互调适谋共赢（国际视野）,投资,外企业,市场,2015,1,0,NA
用心奏响“一带一路”共赢曲（国际论坛）,“一带一路”,区域国家,赢曲,2015,1,0,NA
合作共赢“大思路”（丝路絮语）,“大思路”,合作共赢,责任共同体,2015,31,0,NA
合作共赢，引领亚洲美好明天（钟声）,合作共赢,和平发展,瞩目亚洲,2015,30,0,NA
和平合作　开放包容　互学互鉴　互利共赢,合作,“一带一路”,建设,2015,30,0,NA
互尊互信  合作共赢  文明互鉴 共建“一带一路”愿景与行动发布,“一带一路”,景与行动,颁布,2015,29,0,NA
京张申冬奥，瞄准多方共赢（积极申办2022年冬奥会）,冬奥会,北京联合张家口,奥运会,2015,24,0,NA
亚投行，有益补充互利共赢,亚投行,互利共赢,基础设施,2015,21,0,NA
中国理论何以自信  反对结盟对抗  倡导合作共赢 中国外交理论引领世界潮流,理论,外交,国际关系,2015,20,0,NA
共同努力，打造互利共赢融资平台,亚投行,基础设施,互利共赢,2015,18,0,NA
推进战略布局  实现共赢发展,战略布局,经济增长,经济建设,2015,16,0,NA
一带一路：开放共赢拓新局（直面新常态）,“一带一路”,经济,代表,2015,13,0,NA
海外投资  合作共赢（新常态·国际视域）,国际,投资,合作,2015,13,0,NA
一带一路 合作共赢（代表委员议国是）,代表,合作,建设,2015,11,0,NA
生存和生态要“共赢”(基层春潮),“共赢”,建设,农民,2015,9,0,NA
传播中华文化 倡导合作共赢 福建引爆“文化交流热”,“文化交流热”,福建省歌舞剧院,联合国总部,2015,9,0,NA
加入合作共赢进程（丝路絮语）,合作共赢,文化,建设,2015,17,0,NA
和平合作  开放包容  互学互鉴  互利共赢 共建21世纪海上丝路正当其时,丝路,合作,文化,2015,13,0,NA
努力实现“一带一路”建设良好开局  推动中国和沿线国家互利共赢共同发展,“一带一路”,建设,沿线国家,2015,2,0,NA
努力实现“一带一路”建设良好开局  推动中国和沿线国家互利共赢共同发展,“一带一路”,建设,沿线国家,2015,2,0,NA
从增量到提质　以合作谋共赢 金砖国家，转型中砥砺前行（权威论坛）,巴西金砖国家政策研究中心,经济,合作,2015,26,0,NA
坚持相互尊重、开拓创新、合作共赢  携手将中瑞关系推向更高水平,合作,中瑞关系,坚持,2015,22,0,NA
科技创新结硕果  示范推广得共赢,科技,示范推广,农业,2015,19,0,NA
维护地区和世界的和平稳定　推动中拉整体合作互利共赢,合作,中拉关系,互利共赢,2015,10,0,NA
亚投行，推动亚洲互利共赢（权威论坛）,亚投行,基础设施,经济,2015,8,0,NA
中法企业相互借力谋共赢,企业,中法关系,地中海俱乐部股份,2015,5,0,NA
合作动真格，共赢才有望（说道）,合作动,污染,环保部门,2014,10,0,NA
中印将合拍电影谋共赢,电影,中印关系,合作,2014,1,0,NA
京津冀：产业协同谋共赢（京津冀协同发展）,产业,京津冀协同,协同发展,2014,28,0,NA
优势叠加  合作共赢,京津冀协同,合作共赢,交通,2014,27,0,NA
共享丝路遗产 实现合作共赢（丝路絮语）,合作共赢,城市,文化,2014,18,0,NA
包容凝聚力量 合作缔造共赢（聚焦亚太经合组织领导人非正式会议）,亚太,合作,会议,2014,6,0,NA
南亚：合作共赢新契机（丝路观察）,南亚,合作共赢,区域,2014,23,0,NA
“泛珠”十年 互利共赢,“泛珠”,合作,互利共赢,2014,15,0,NA
用“共赢指标”把脉中国发展（钟声）,“共赢指标”,把脉,经济,2014,13,0,NA
互利共赢谋福祉 深化友谊聚民心,互利共赢,合作,中印关系,2014,21,0,NA
秉持互利共赢理念加强农业合作,农业,合作,亚太,2014,20,0,NA
友好·互利·共赢,文章关键词：,NA,NA,2014,15,0,NA
美丽与发展共赢 建宜居宜业新临河,物流,宜居,宜业,2014,13,0,NA
友好往来暖人心　真诚合作促共赢 “中国永远是我们的朋友”,友好,“中国制造”,故事,2014,12,0,NA
习近平同津巴布韦总统穆加贝举行会谈（强调中津要做平等相待、相互支持、互利共赢、共同发展的好朋友、好伙伴、好兄弟）,会谈,穆加贝,津巴布韦总统,2014,26,0,NA
习近平在蒙古国国家大呼拉尔发表重要演讲（强调互尊互信、聚同化异、守望相助、合作共赢，共创中蒙关系发展新时代，共促亚洲稳定和繁荣）,蒙古国国家大呼拉尔,演说,中蒙关系,2014,23,0,NA
打通多点执业“最后一公里”（不吐不快）（●推行医师多点执业是一盘棋，需要各方共同努力，扫除政策障碍，力争实现共赢，让患者看病首选医生的日子将不再遥远）,医院,“最后一公里”,政策,2014,15,0,NA
建设孟中印缅经济走廊是共赢选择,经济走廊,孟中印缅,建设,2014,31,0,NA
在合作共赢、携手共进中 拓市场 促经济 利百姓,市场,拉美,复旦大学金砖研究中心,2014,27,0,NA
种下和谐  收获共赢（亲诚惠容·进行时）,上海鼎信投资集团,收获共赢,青山工业园区,2014,22,0,NA
分享发展经验  实现互利共赢,拉美,中拉关系,合作,2014,9,0,NA
深化传统友谊 推动合作共赢,合作,传统友谊,访问,2014,8,0,NA
共商  共建  共赢  共享 新丝路，众人拾柴火焰高,建设,文化,合作,2014,3,0,NA
团结互信 合作共赢（论坛好声音）,合作共赢,团结互信,NA,2014,3,0,NA
承载历史开拓未来的全新合作共赢之路,合作,历史,建设,2014,3,0,NA
习主席的“丝路新语”（·和平合作·开放包容·互学互鉴·互利共赢）,合作,丝路,“丝路新语”,2014,2,0,NA
同舟共济  互利共赢 中国为推动亚洲发展发挥积极作用,和平,亚洲发展,合作,2014,1,0,NA
习近平出席纪念大会并发表主旨讲话（强调弘扬和平共处五项原则　建设合作共赢美好世界李克强主持大会　张德江俞正声等与缅甸总统吴登盛、印度副总统安萨里出席）,纪念,颁布,和平共处五项原则,2014,29,0,NA
弘扬和平共处五项原则　建设合作共赢美好世界,和平共处五项原则,合作,建设,2014,29,0,NA
寻求共同发展与共赢,合作,建设,专家,2014,28,0,NA
共建共享与共赢共荣的新机遇——丝绸之路经济带国际研讨会发言摘编 丝路精神　再现辉煌,丝路精神,建设,文化,2014,28,0,NA
共建共享与共赢共荣的新机遇——丝绸之路经济带国际研讨会发言摘编 求同存异　相向而行,合作,求同存异,相向,2014,28,0,NA
共建共享与共赢共荣的新机遇——丝绸之路经济带国际研讨会发言摘编 丝路合作　文化先行,合作,文化先行,建设,2014,28,0,NA
共建共享与共赢共荣的新机遇——丝绸之路经济带国际研讨会发言摘编 知古鉴今　共建丝路,知古鉴今,合作,丝路,2014,28,0,NA
共建共享与共赢共荣的新机遇——丝绸之路经济带国际研讨会发言摘编 吉中合作　创新模式,合作,创新,克·伊玛纳利耶夫,2014,28,0,NA
共建共享与共赢共荣的新机遇——丝绸之路经济带国际研讨会发言摘编 政治平等　经济共赢,“丝绸之路经济带”,政治,建设,2014,28,0,NA
共建共享与共赢共荣的新机遇——丝绸之路经济带国际研讨会发言摘编 讲好故事　扩大共识,扩大共识,故事,合作,2014,28,0,NA
共建共享与共赢共荣的新机遇——丝绸之路经济带国际研讨会发言摘编 外交战略　一脉相承,罗伯特·劳伦斯·库恩,外交战略,外交政策,2014,28,0,NA
共建共享与共赢共荣的新机遇——丝绸之路经济带国际研讨会发言摘编 公共外交　互利互惠,“丝绸之路经济带”,江布尔州代表团,哈萨克斯坦东干人协会,2014,28,0,NA
加强沟通合作交流　共建共享共赢共荣 丝绸之路经济带国际研讨会开幕,丝绸之路,经济带,研讨会,2014,27,0,NA
互利共赢，大坝承载中文友谊（亲诚惠容·进行时）,中国水利水电建设集团,中文,互利共赢,2014,22,0,NA
农业节水 多方共赢,节水,多方共赢,农业,2014,20,0,NA
中国航油：混合实现共赢（转型·活力）,泽胜,运输,油料检测单位适航,2014,17,0,NA
混合发展中实现共赢（转型·活力）,企业,混合发展,所有制,2014,29,0,NA
习近平同吉尔吉斯斯坦总统会谈（强调坚持友好互信互利共赢深化中吉战略伙伴关系）,会谈,合作,中吉关系,2014,19,0,NA
平等互信 互利共赢 推动中肯关系与合作取得更大发展,合作,平等互信,互利共赢,2014,11,0,NA
平等互信 互利共赢 推动中肯关系与合作取得更大发展,合作,平等互信,互利共赢,2014,11,0,NA
交流合作 互利共赢,合作,交流,创新,2014,9,0,NA
中企在美投资带来互利共赢（ 国际视点）,投资,就业,亚迪公司,2014,30,0,NA
以共赢视野看欧非自贸谈判（经济透视）,对话,经济,自贸,2014,21,0,NA
黄河金三角 迎来新一春（经济聚焦·直击改革前沿）（山西运城、临汾，陕西渭南，河南三门峡，四个欠发达城市正努力突破行政区划谋求共赢）,黄河金三角,机制,经济,2014,15,0,NA
双轮驱动，中拉互利共赢（观点）,中拉关系,拉美,互利共赢,2014,15,0,NA
搭建合作共赢新平台,“海上丝绸之路”,合作,城市,2014,14,0,NA
博鳌亚洲论坛两岸企业家圆桌会议积极探讨机遇与挑战、合作与共赢 发掘两岸经济合作的新动力,两岸经济合作,发掘两岸,产业,2014,11,0,NA
让开放创造更多共赢(今日谈),创新,经济,“中国制造”,2014,1,0,NA
维护和平发展大义 促进合作共赢信心,和平,维护,合作共赢,2014,30,0,NA
深化中欧合作　增进互利共赢,合作,欧盟委员会,中欧,2014,21,0,NA
友谊世代相传　合作互利共赢,合作,工厂,互利共赢,2014,19,0,NA
提升合作速度　奏响共赢旋律,合作,中德关系,友好,2014,18,0,NA
建新拆旧 谋求共赢（走转改·一线调查）,农民,拆旧,建设,2014,14,0,NA
深化中欧合作 促进互利共赢,合作,中欧关系,深化中欧,2014,12,0,NA
创新驱动 优势互补 合作共赢,合作,创新驱动,产业,2014,5,0,NA
优势互补互利共赢扎实推进努力实现京津冀一体化发展,京津,一体化,优势互补,2014,28,0,NA
重走丝绸之路，海外华媒见证合作共赢（侨联四海）,丝绸之路,合作,华媒,2014,27,0,NA
开放包容，携手发展谋共赢（钟声）,“一带一路”,开放包容,合作,2014,26,0,NA
中法车企联姻谋共赢,中法关系,PSA,合作,2014,19,0,NA
治理与保护并重 人居与发展共赢 杭州 用好运河“金名片”,“金名片”,西历史街区,桥西直街,2014,15,0,NA
埃俄走近谋共赢,塞西和法赫米,埃俄,埃及武装部队最高委员会,2014,14,0,NA
绿色发展 双边共赢,威立雅,企业,环境集团,2014,27,0,NA
实现“为民”与“共赢”的有机统一（名家笔谈）,外交,有机统一,“为民”,2014,27,0,NA
“希望更多中国商船停靠这里”（中国梦·共赢曲）,安特卫普港,商船停靠这里,中国梦,2014,20,0,NA
妥协中谋求共赢（权威论坛）,对话,协议,多哈回合谈判,2014,14,0,NA
中企温暖伏尔加河古城（中国梦·共赢曲）,中国梦,雅罗斯拉夫尔市,古城,2014,13,0,NA
加强交流合作 实现互利共赢,交流合作,互利共赢,科技,2014,11,0,NA
万华为中企树立威信和口碑（中国梦·共赢曲）,博苏化学公司工业园,中国梦,华为,2014,4,0,NA
华夏文化融入英伦（中国梦·共赢曲）,文化,中国梦,融入英伦,2014,3,0,NA
中国梦将给德国带来机遇（中国梦·共赢曲）,中德关系,中国梦,企业,2013,23,0,NA
青体中心承载突中共同梦想（中国梦·共赢曲）,中国梦,青体中心,青年文化体育中心,2013,21,0,NA
中国投资助力美国制造业复苏（中国梦·共赢曲）,投资,中美关系,中国梦,2013,14,0,NA
唐人街改造，点亮悉尼的明珠（中国梦·共赢曲）,唐人街,改造,中国梦,2013,10,0,NA
把不冲突不对抗、相互尊重、合作共赢精神落实到中美关系方方面面,合作,中美关系,相互尊重,2013,5,0,NA
中企助力哈萨克斯坦迈入4G时代（中国梦·共赢曲）,中哈关系,中国梦,华为,2013,3,0,NA
加快中国企业走出去步伐  造福当地实现互利共赢,企业,中国华为技术罗马尼亚公司,互利共赢,2013,29,0,NA
以长远眼光推进中罗、中国—中东欧合作实现互利共赢共同发展,中罗关系,合作,中东欧,2013,28,0,NA
以长远眼光推进中罗、中国—中东欧合作实现互利共赢共同发展,中罗关系,合作,中东欧,2013,28,0,NA
让互利共赢之路越走越宽广,中东欧国家经贸论坛,互利共赢,合作,2013,28,0,NA
对外经济，多方共赢（改革开放35年·经济发展成果述评⑤）,改革开放,经济建设,评论,2013,26,0,NA
阿拉伯与非洲抱团谋共赢,阿拉伯,合作,首脑会议,2013,21,0,NA
“中国公司帮我们圆梦”（中国梦·共赢曲）,辛姆巴科公司,巴基斯坦记者,中巴关系,2013,11,0,NA
看好中国  共赢未来(外国政要眼中的中国梦),欧亨尼奥·布雷戈拉特,政要,驻华大使,2013,10,0,NA
中企助赞比亚填补火电空白（中国梦·共赢曲）,中赞关系,赞比亚曼巴煤矿公司,火电空白,2013,9,0,NA
“友好中国”助游客畅游西班牙（中国梦·共赢曲）,“友好中国”,中西关系,弗拉门戈博物馆,2013,5,0,NA
为赞比亚打开发展之窗（中国梦·共赢曲）,中赞关系,赞中经贸合作区投资论坛,卢萨卡机场,2013,4,0,NA
弘扬对话互利共赢精神,对话,甘肃文化,首脑会议,2013,1,0,NA
追求同各国互利共赢、共同发展 中国梦为世界梦注入正能量,合作,发展中国家,历史,2013,31,0,NA
中企在拉美实现双赢（中国梦·共赢曲）,拉美,企业,建设,2013,28,0,NA
睦邻友好 和平发展 合作共赢,合作,和平,睦邻友好,2013,27,0,NA
越南第一座绿色水电站中国建（中国梦·共赢曲）,绿色水电站,化水电站,中越关系,2013,15,0,NA
为墨西哥文明注入养分（中国梦·共赢曲）,文化,中墨关系,墨西哥文明,2013,14,0,NA
聚焦发展、开放包容、合作共赢  推进东亚合作向前发展,东亚合作,开放包容,聚焦发展,2013,11,0,NA
聚焦发展、开放包容、合作共赢  推进东亚合作向前发展,东亚合作,开放包容,聚焦发展,2013,11,0,NA
文化交流  促进了解（中国梦·共赢曲）,文化交流,威尼斯,文物,2013,6,0,NA
合作共赢增强地区活力,合作共赢,印尼,访问,2013,4,0,NA
双向激励，帮扶变共赢（民生观）,社区,大医院,通知,2013,30,0,NA
习近平同委内瑞拉总统马杜罗会谈（强调真诚友好互利共赢，不断推进中委战略伙伴关系）,会谈,马杜罗,委内瑞拉总统,2013,23,0,NA
书写中莫农业合作新传奇（中国梦·共赢曲）,农业,中莫关系,合作,2013,22,0,NA
“中国给我们带来了幸福”（中国梦·共赢曲）,弗兰克—米夏埃尔·库恩特,杜克普爱华公司,企业,2013,20,0,NA
丰富中约关系内涵　拓展互利共赢合作,合作,中约关系,互利共赢,2013,19,0,NA
波兰航空城轻拂“中国风”（中国梦·共赢曲）,中波关系,航空,“中国风”,2013,16,0,NA
坚持开放战略 实现互利共赢,经济,互利共赢,坚持,2013,15,0,NA
中国游客带动韩国经济发展(中国梦·共赢曲),中韩关系,吸引中国游客,旅游,2013,9,0,NA
推动构建互利共赢全球价值链,价值链,互利共赢,国际投资,2013,9,0,NA
睦邻友好  互利共赢  深化中哈全面战略伙伴关系,中哈关系,战略伙伴关系,合作,2013,8,0,NA
中国巴西密切教育交流（中国梦·共赢曲）,中巴关系,交流,教育,2013,2,0,NA
人民币业务走俏东南亚（中国梦·共赢曲）,人民币业务,东南亚,渣打银行企业银行产品管理部,2013,1,0,NA
内蒙古阿鲁科尔沁旗探索保护生态与发展畜牧业共赢 沙海上种草  增绿又增收(绿色焦点),牧民,种植,收入,2013,24,0,NA
与邻为善 互利共赢 中国投资助力周边国家发展（国际视野）,周边国家,国家投资,国际投资,2013,2,0,NA
做活“融”字文章  实现共进共赢,企业,党支部,职工,2013,23,0,NA
污染联防联控应协商共赢(专家视角),协商共赢,区域,专家,2013,20,0,NA
走相互尊重合作共赢之路（权威论坛）,中美关系,合作共赢,相互尊重,2013,10,0,NA
优势互补  寻求共赢（国际视点）,中国企业家俱乐部,国际,合作,2013,3,0,NA
创新合作求共赢,合作,中国航空研究院,创新,2013,25,0,NA
深化农业互利合作  促进中拉共赢发展,农业,合作,中拉关系,2013,10,0,NA
习近平同奥巴马总统共同会见记者（与包括美国梦在内的世界各国人民的美好梦想相通中美双方同意，共同努力构建新型大国关系，相互尊重，合作共赢，造福两国人民和世界人民）,奥巴马,中美关系,会晤,2013,9,0,NA
增进友谊  共赢未来,青年,韩中文化青少年协会,中韩关系,2013,4,0,NA
俄白哈关税同盟努力实现与中国互利共赢,关税同盟,俄白哈,欧亚经济委员会最高理事会,2013,31,0,NA
深化中德务实合作　实现互利共赢,合作,中德关系,互利共赢,2013,28,0,NA
期待推动中拉合作共赢,访问,合作共赢,中拉关系,2013,26,0,NA
欢迎更多印度企业与中国开展合作  实现更大规模的互利共赢,合作,中印关系,企业,2013,22,0,NA
继续搭建交流平台  力争实现三方共赢,交流平台,云南省昆明市委,方共赢,2013,22,0,NA
中德合作  互补共赢,中德关系,合作,德国普瑞公司,2013,17,0,NA
中印携手 实现共赢,中印关系,城建国际工程公司,企业,2013,14,0,NA
同舟共济  合作共赢  共创中欧美好未来,中欧,合作共赢,同舟共济,2013,23,0,NA
旅游开发应“与民共赢”（今日谈）,“与民共赢”,旅游开发,“一票制”,2013,14,0,NA
携手打造中欧互利共赢合作典范,合作,中欧互利,中芬关系,2013,10,0,NA
习近平会见博鳌亚洲论坛理事会成员（强调培育以平等交流、互鉴互惠、合作共赢为核心的“博鳌特色”）,博鳌亚洲论坛理事会,理事会成员,代表,2013,8,0,NA
亚非追求合作共赢发展,追求合作,大陆,博鳌亚洲论坛,2013,8,0,NA
变革中寻求共赢和持续发展,博鳌亚洲论坛,寻求共赢,企业,2013,7,0,NA
求和平 谋发展 促合作 图共赢,合作,金砖国家工商理事会,和平,2013,28,0,NA
与转型的中国经济共赢(感言),经济共赢,战略,经济建设,2013,26,0,NA
建立以合作共赢为核心的新型国际关系,国际关系,合作共赢,中俄关系,2013,24,0,NA
中华人民共和国和俄罗斯联邦关于合作共赢、深化全面战略协作伙伴关系的联合声明,合作,俄罗斯联邦,战略,2013,23,0,NA
传统友好与互利共赢,互利共赢,传统友好,合作,2013,21,0,NA
中美经济关系以尊重为前提  以合作为途径以共赢为目标,中美关系,合作,经济关系,2013,20,0,NA
中美经济关系以尊重为前提  以合作为途径以共赢为目标,中美关系,合作,经济关系,2013,20,0,NA
合作·创新·共赢,合作,创新,企业,2013,19,0,NA
合作·创新·共赢,创新,合作,国家元首,2013,19,0,NA
中国，互利共赢  倡导者践行者,和平发展道路,互利共赢,能够和平相处,2013,18,0,NA
中资企业在欧洲闯出共赢路（记者观察）,弗朗西斯科·阿尔布利奇奥,投资,市场,2013,15,0,NA
候鸟经济离共赢有多远（蹲点·沉下去，观察中国）,经济,房地产,经营,2013,1,0,NA
利他共生 互利共赢（感言）,互利共赢,企业,“走出去”,2013,30,0,NA
坚持和平发展　促进合作共赢,和平,坚持,合作,2013,29,0,NA
各国携手实现世界和平发展、合作共赢、公平正义,合作,世界和平发展,公平正义,2012,28,0,NA
平等互信 包容互鉴 合作共赢（权威论坛）,合作,和平发展,国际,2012,28,0,NA
我们的事业同世界共赢（印记）,合作,人民币离岸,文化,2012,20,0,NA
中国是合作共赢倡导者践行者,合作共赢,外国专家,倡导者,2012,6,0,NA
“我们的事业”  同世界共赢（国际论坛）,“我们的事业”,合作,对外开放,2012,6,0,NA
完善互利共赢、多元平衡、安全高效的开放型经济体系（学习贯彻十八大精神）,经济建设,互利共赢,安全高效,2012,4,0,NA
和平  发展  合作  共赢 为人类和平与发展的崇高事业不懈努力（权威论坛）,和平,报告,外交政策,2012,3,0,NA
泛珠合作 共赢南中国（区域经济观察）,区域,经济,合作,2012,30,0,NA
务实合作  方能共赢,中欧关系,务实合作,战略,2012,28,0,NA
带去经验  留下技术  实现共赢 赞比亚中国经贸合作区创新南南合作,合作,中赞关系,创新,2012,28,0,NA
和谐世界：共赢发展的中国贡献（科学发展　成就辉煌·十年回眸·重大战略）,战略,文化,和平,2012,4,0,NA
和谐世界：共赢发展的中国贡献（科学发展　成就辉煌·十年回眸·重大战略）,战略,文化,和平,2012,4,0,NA
合作共赢新篇章（思考·十年）,外交,合作共赢,和平,2012,10,0,NA
共享西部开发开放机遇　开创互利共赢美好明天,开创互利共赢,开发开放,美好明天,2012,27,0,NA
合作共赢信心更强,合作共赢,博览会,交流,2012,22,0,NA
合作共赢促发展,合作共赢,东盟博览会秘书处,自贸,2012,20,0,NA
互联互通  携手共赢,互联互通,首脑会议,携手共赢,2012,20,0,NA
旅游盛会亮点纷呈  群英荟萃合作共赢,旅游产业,产业博览会,合作,2012,19,0,NA
经济发展与生态保护共赢(科学发展大家谈),保护,科学,经济建设,2012,3,0,NA
追求“互补共赢”  打造“生态长廊”  实现“服务均质” 统筹城乡的“杭州解法”,统筹城乡,“杭州解法”,区域,2012,14,0,NA
谋合作共赢　议共御风险　推通道互联　促海上互通 泛北合作从共识走向实践,产业,泛北合作,北城市,2012,16,0,NA
"山西运城、临汾，陕西渭南，河南三门峡，这四个山水相连的欠发达城市,努力突破行政区划界限合作共赢—— 黄河金三角 携手谋发展",黄河金三角,产业,资源,2012,26,0,NA
"山西运城、临汾，陕西渭南，河南三门峡，这四个山水相连的欠发达城市,努力突破行政区划界限合作共赢—— 黄河金三角 携手谋发展",黄河金三角,产业,资源,2012,26,0,NA
播撒友好互信种子　收获合作共赢果实,合作,友好,领导人,2012,31,0,NA
促进环首都地区与首都和谐共赢（新书评介）,和谐共赢,区域,建设,2012,25,0,NA
以相互尊重为基础的互利共赢,中卢关系,卢森堡国民议会,相互尊重,2012,22,0,NA
推进互利共赢合作　发展新型大国关系,合作,大国关系,中美关系,2012,4,0,NA
增进友好互信　深化务实合作　促进互利共赢,友好,务实合作,互利共赢,2012,26,0,NA
寻求共赢、健康与可持续发展,博鳌亚洲论坛,企业,可持续发展,2012,1,0,NA
国防国企谋共赢（定格）,国有企业,国防,建设,2012,16,0,NA
合作共赢  共谋发展,中非泰达投资股份有限公司,合作共赢,经贸合作,2012,7,0,NA
互利合作  共赢发展,合作,农业,中美关系,2012,13,0,NA
积极务实  互利共赢,中美关系,合作,互利共赢,2012,13,0,NA
务实合作 互利共赢 中国石油国际化水平不断提升,合作,资源,国石油天然气集团公司,2012,11,0,NA
跨越竞技藩篱聚敛人气  展示城市风貌实现共赢 一年办22个马拉松说明什么,马拉松,城市,比赛,2012,9,0,NA
传统友谊谱新篇 合作共赢向未来,合作,传统友谊,访问,2011,25,0,NA
务实合作　互利共赢,互利共赢,经贸合作,中越关系,2011,20,0,NA
开放合作才能共赢 中国移动助力开发者实现创意,开发者,创意,因特网,2011,15,0,NA
纪念中国加入世贸组织10周年特别报道·共赢,纪念,NA,NA,2011,12,0,NA
只有分享才能共赢（寄语）,只有分享,经济,国际关系,2011,12,0,NA
只有分享才能共赢（感受入世10周年⑤·经济时评）,经济,入世,只有分享,2011,9,0,NA
有竞争才能共赢（感受入世10周年②·经济时评）,经济,竞争,入世,2011,6,0,NA
中国与世界共赢,进口,贸易摩擦,世贸组织,2011,18,0,NA
促合作　谋发展　求共赢,企业,中非合作,中非合作论坛,2011,17,0,NA
平等包容 开放公平 持续发展 互利共赢,亚太,开放公平,互利共赢,2011,13,0,NA
汇聚合作共赢新浪潮,合作,亚太,经济,2011,10,0,NA
增进友谊、促进合作、谋求共赢之旅,合作,谋求共赢,中奥关系,2011,6,0,NA
同舟共济　合作共赢（胡锦涛主席出席G20戛纳峰会）,首脑会议,合作共赢,出席,2011,5,0,NA
同舟共济　合作共赢（胡锦涛主席出席G20戛纳峰会）,首脑会议,合作共赢,出席,2011,5,0,NA
绿色发展  和谐共赢,和谐共赢,绿色发展,企业,2011,5,0,NA
合力推动增长　合作谋求共赢,合作,发展中国家,谋求共赢,2011,4,0,NA
加强合作  互利共赢,合作,互利共赢,访问,2011,3,0,NA
深化合作  发展共赢,中韩关系,经贸合作,投资,2011,27,0,NA
深化务实合作  促进互利共赢,互利共赢,务实合作,中希关系,2011,26,0,NA
推动“浙江经济”、“浙江人经济”融合共赢,“浙江经济”,浙商大会,“浙江人经济”,2011,25,0,NA
深化共办共赢　提高经贸实效 第八届中国—东盟博览会盛况空前,东盟博览会秘书处,投资,东盟博览会投资合作圆桌会,2011,21,0,NA
密松电站合作项目有利于中缅互利共赢,中缅关系,密松电站,合作,2011,4,0,NA
互利共赢谋发展,合作,代表,互利共赢,2011,3,0,NA
李彦宏：开放带来共赢,李彦宏,因特网,互联网创新,2011,29,0,NA
互利共赢  化“危”为“机”(读者反馈),互利共赢,网络传媒,知识产权,2011,13,0,NA
信任源于交流　合作带来共赢,合作,交流,中日关系,2011,7,0,NA
中国在非洲投资更关注互利共赢,投资,互利共赢,合作,2011,16,0,NA
国际社会  瞩目中国成就 期待合作共赢,成绩,国际社会,国际,2011,2,0,NA
和谐世界  合作共赢,合作,和平,经济,2011,30,0,NA
共创互利共赢、共同发展的美好未来,互利共赢,经济,共同发展,2011,18,0,NA
生态与产业共赢,产业,林业,森林,2011,15,0,NA
绿色发展 和谐共赢,报告,和谐共赢,绿色发展,2011,7,0,NA
融入世界  分享共赢（国际视野）,世贸组织,国际,经济,2011,7,0,NA
深化金融合作　实现互利共赢,金融合作,拉美地区,贷款,2011,1,0,NA
深化金融合作　实现互利共赢,金融合作,拉美地区,贷款,2011,1,0,NA
按需选派  双向共赢 四川千名干部人才援助藏区,干部人才,援助,援藏干部,2011,16,0,NA
开创互利共赢新局面,印尼,开创互利,赢新局面,2011,28,0,NA
发展  共享  共赢,演说,颁布,博鳌亚洲论坛,2011,21,0,NA
加强合作  互利共赢,合作,中国,互利共赢,2011,20,0,NA
加强沟通 实现共赢（国际视野·瞩目新兴市场国家）,新兴市场国家,国际,合作,2011,14,0,NA
经济与环保齐抓 发展与生态共赢 广西全力建设生态文明示范区,建设,文化,文明示范区,2011,9,0,NA
联动八方求共赢,合作,北部湾,联动八方求,2011,10,0,NA
互补共赢强保障（八一之声·军民融合系列报道之三）,军民融合,军队,互补共赢,2011,11,0,NA
中国入世十年同世界共赢,入世,世界经济论坛,帕斯卡尔·拉米,2011,29,0,NA
“走出去”与世界共赢（国际论坛）,企业,“走出去”,投资,2011,24,0,NA
交流互鉴　合作共赢,合作,技术,能源,2011,11,0,NA
加深相互理解  实现合作共赢,合作,中德关系,投资,2011,8,0,NA
推进中欧金融合作　共克时艰实现共赢,中欧金融合作,贸易投资促进团,改革,2011,7,0,NA
中西携手　互利共赢,合作,互利共赢,中西关系,2011,4,0,NA
共赢（温馨一刻·广州2010年亚残运会特别报道）,亚残运会,运动员,比赛,2010,15,0,NA
开创中印互利共赢新局面,中印关系,合作,互利共赢,2010,15,0,NA
欢聚　分享　共赢(社论),残疾人,亚残运会,社论,2010,12,0,NA
我们欢聚　我们分享　我们共赢,亚洲残疾人奥林匹克委员会,我们共赢,我们分享,2010,7,0,NA
实现农民、信用社、保险共赢 新华保险创新金融惠农手段,金融,新华保险,黑龙江省农村信用社,2010,6,0,NA
传承友谊谋发展　互利共赢向未来,访问,中非合作论坛,互利共赢,2010,25,0,NA
发展绿色经济　谋求互利共赢,绿色经济,国际绿色产业联合会,互利共赢,2010,24,0,NA
充分利用两个市场两种资源　增强保障能力实现互利共赢,资源,市场,保障能力,2010,17,0,NA
充分利用两个市场两种资源　增强保障能力实现互利共赢,资源,市场,保障能力,2010,17,0,NA
互利共赢　共同发展,合作,经贸,共同发展,2010,13,0,NA
丝路新语  互尊共赢,中阿关系,阿中友协理事会,友好,2010,8,0,NA
携手合作 互利共赢 共同推进世界经济的健康发展,合作,世界经济,企业,2010,7,0,NA
增强经贸交流 促进合作共赢（信息快递）,交流,合作共赢,中日关系,2010,3,0,NA
睦邻友好　合作共赢　共同发展,合作,共同发展,友好,2010,31,0,NA
英国馆见证了合作共赢（国际社会盛赞上海世博会）,上海世博会,合作,英国馆,2010,31,0,NA
深化务实合作　实现互利共赢,务实合作,互利共赢,会议,2010,28,0,NA
互助共赢　成就显著,合作,成绩,投资,2010,28,0,NA
中原经济区要实现合作共赢,经济区,合作共赢,顾问,2010,28,0,NA
两岸经济关系进入双向合作互利共赢新阶段,两岸经济关系,双向合作,互利共赢,2010,18,0,NA
加强务实合作　实现互利共赢,合作,中国,世界银行,2010,8,0,NA
坚持和平发展　实现合作共赢,合作,和平,坚持,2010,8,0,NA
探索泛北合作共赢新领域,泛北合作,新加坡国立大学东亚研究所,北部湾,2010,15,0,NA
移动互联 创造共赢（感言）,创新,因特网,移动互联网,2010,28,0,NA
互利共赢　深化合作,经贸合作,中澳关系,中新关系,2010,13,0,NA
引领创业　实现共赢 全国大学生技术创业开赛,全国大学生技术创业大赛,大学科技园,高等院校,2010,10,0,NA
深化合作  互利共赢,合作,中韩关系,中日关系,2010,28,0,NA
促进技术开发转让  建立互利共赢机制,机制,技术开发,互利共赢,2010,9,0,NA
共建　共赢　共享 甘肃庆阳与长庆油田架起地企“连心桥”,长庆油田,“连心桥”,生态环境,2010,26,0,NA
绿色发展　和谐共赢,中国五矿集团,绿色发展,和谐共赢,2010,22,0,NA
合作　开放　互利　共赢,合作,经济,国际金融,2010,17,0,NA
应对安全挑战　 推动互利共赢,访问,合作,首脑会议,2010,17,0,NA
谋合作 促共赢,合作,“金砖四国”,首脑会议,2010,17,0,NA
着眼长远　方能共赢（经济透视）,机制,市场,经济,2010,8,0,NA
走出去，实现互利共赢,中国,互利共赢,合作,2010,2,0,NA
深化经贸合作  实现互利共赢,经贸合作,互利共赢,中南关系,2010,2,0,NA
本土化经营获优势（联合 自强 融入 共赢  华商拓展海外经营路）,经营,企业,华商需,2010,1,0,NA
多元化经营惠当地（联合 自强 融入 共赢  华商拓展海外经营路）,经营,多元化,华商产业,2010,1,0,NA
依靠规模入主流（联合 自强 融入 共赢  华商拓展海外经营路）,经营,华商,南非宝利箱包厂,2010,1,0,NA
依靠联合闯出路（联合 自强 融入 共赢  华商拓展海外经营路）,经营,向华商,警察,2010,1,0,NA
依靠沟通拼市场（联合 自强 融入 共赢  华商拓展海外经营路）,经营,美国华商李社,市场,2010,1,0,NA
推动合作创新  实现互利共赢,合作,创新,中瑞关系,2010,30,0,NA
真诚合作　共赢发展,旅游产业,海南国际旅游岛,合作,2010,19,0,NA
有序参与　合作共赢（感言）,有序参与,合作共赢,政治,2010,7,0,NA
信心之策　共赢之策 中国自贸区战略稳步推进,战略,中日韩自贸,协议,2010,8,0,NA
金融扶贫  各方共赢,济困,金融,贷款,2010,7,0,NA
坚持互利共赢　深化经贸合作,深化经贸合作,中瑞关系,坚持,2010,28,0,NA
戴秉国在东盟秘书处发表演讲（中国—东盟自贸区是互利共赢共同发展）,东盟秘书处,演说,颁布,2010,24,0,NA
为了更高层面的合作共赢,合作,保税物流,建设,2010,6,0,NA
亚太合作　互利共赢,亚太,合作,会议,2009,16,0,NA
在西部大开发旗帜下开放合作共赢发展,西部大开发,开放合作,西博会,2009,21,0,NA
携手应对国际金融危机 实现互利共赢共同发展,国际金融危机,合作,共同发展,2009,16,0,NA
携手应对国际金融危机实现互利共赢共同发展,国际金融危机,上海合作组织,共同发展,2009,15,0,NA
60年讲信修睦，60年仁者无敌，从东半球到西半球，我们的朋友遍天下。中国与世界各国交往，强调相互尊重、平等互利、合作共赢，这种交往，更是一种君子之交，道义之交…… 主持公道  伸张正义(道义篇),和平,维护,伸张正义,2009,30,0,NA
办旅游产业盛会 建合作共赢平台,产业节组委会,旅游产业节,合作,2009,17,0,NA
中苏合作创共赢,中苏关系,合作,经贸,2009,11,0,NA
唇齿相依 合作共赢（驻外大使谈外交（十））,合作,大使,外交,2009,7,0,NA
从单向管理转向合作行政（政声）（□一种由开放的公共管理和有效的公众参与整合而成的公共治理模式正迅速崛起  □这种合作行政新模式，奉行开放、参与、合作、共赢，致力于提高行政的开放程度和柔性程度）,合作行政,单向管理,维护,2009,24,0,NA
主动作为 多方共赢 天津力争实现军转工作“三满意”,“三满意”,管理,干部交流,2009,11,0,NA
外延扩张互利共赢  内生增长产品为王 北方联合出版传媒探索发展新路,北方联合出版,出版传媒,辽宁少年儿童出版社,2009,22,0,NA
以真诚促合作　以发展谋共赢,合作,会晤,中欧,2009,22,0,NA
两岸携手 互利共赢,两岸携手,互利共赢,企业,2009,9,0,NA
两岸携手 互利共赢,两岸携手,互利共赢,企业,2009,9,0,NA
山东城乡住房建设多方共赢,建设,城乡住房,农村,2009,3,0,NA
融合创新  共赢未来 上汽自主品牌全面发力,自主品牌,上海汽车技术中心安亭总部,车荣威,2009,22,0,NA
增强信心　深化合作　实现共赢,经济,深化合作,建设,2009,19,0,NA
增强信心　深化合作　实现共赢,经济,深化合作,建设,2009,19,0,NA
加强对话合作　促进互利共赢,合作,知识产权,对话,2009,31,0,NA
互利共赢之举,中国贸易投资促进团,互利共赢,世界经济,2009,25,0,NA
创造新的共赢空间（国际论坛）,中美关系,创新,经贸,2009,16,0,NA
跨越太平洋的合作共赢(纪念中美建交三十周年),中美关系,合作,建交,2009,16,0,NA
和谐相处　合作共赢,中美关系,合作共赢,和谐相处,2009,5,0,NA
加强能源合作　实现互利共赢,能源合作,互利共赢,经济,2008,25,0,NA
坚持开放合作　寻求互利共赢,合作,互利共赢,坚持,2008,24,0,NA
生物质发电如何实现共赢,生物质发电厂,农民,政策,2008,17,0,NA
西电东送 实现东西部共赢（经典中国　辉煌30年）,西电东,东送,建设,2008,15,0,NA
结对共建  村企共赢（创新与实践）,江西省九江县农业协会党工委,创新,实践,2008,4,0,NA
同舟共济，互利共赢,互利共赢,合作,同舟共济,2008,26,0,NA
对话合作  互利共赢,合作,对话,首脑会议,2008,26,0,NA
亚欧携手　合作共赢,合作共赢,亚欧携手,经济,2008,25,0,NA
弘扬丝路精神　亚欧合作共赢（放眼全球）,亚欧合作,文化,亚欧首脑会议,2008,24,0,NA
11国共办共赢　八方喝彩助力,博览展会,东盟博览会,东盟博览会组委会,2008,21,0,NA
坚持睦邻友好 深化团结互信 实现互利共赢,合作,互利共赢,访问,2008,30,0,NA
坚持睦邻友好 深化团结互信 实现互利共赢,合作,互利共赢,访问,2008,30,0,NA
以加强党建保证科学发展  以互利共赢促进粤港澳合作,合作,科学发展,党建,2008,6,0,NA
以加强党建保证科学发展  以互利共赢促进粤港澳合作,合作,科学发展,党建,2008,6,0,NA
互利共赢可持续的对话（国际论坛）,对话,中美关系,互利共赢,2008,16,0,NA
搭桥沟通　合作共赢,博鳌亚洲论坛,合作共赢,首脑会议,2008,9,0,NA
共赢奥运　传播奥运,合作,北京奥运会,交流,2008,22,0,NA
共赢奥运　传播奥运 第二届１０＋３媒体合作研讨会在天津举行,媒体合作,合作研讨会,第二届,2008,20,0,NA
深化互利合作　实现共赢发展,互利合作,中克关系,经贸,2008,15,0,NA
对话促进理解　互信成就共赢,对话,北京奥运火炬,中欧关系,2008,28,0,NA
强力互动中寻求共赢,制造业变局,发达国家,知识经济转型,2008,25,0,NA
胡锦涛《坚持改革开放　推进合作共赢——在博鳌亚洲论坛二〇〇八年年会开幕式上的演讲》单行本出版,改革开放,坚持,合作共赢,2008,15,0,NA
坚持改革开放　推进合作共赢,合作,改革开放,坚持,2008,13,0,NA
坚持改革开放　推进合作共赢,合作,改革开放,坚持,2008,13,0,NA
绿色　变革　共赢,博鳌亚洲论坛,龙永图,NA,2008,11,0,NA
和谐才能共赢(时评),《劳动合同法》,企业,立法,2008,12,0,NA
巧用“白泥”带来共赢—— 青岛推动企业间废弃物循环利用（高举旗帜　科学发展·贯彻落实十七大精神）,废弃物循环,企业,十七大,2008,25,0,NA
摒弃偏见谋共赢（国际论坛）,合作,中美关系,首脑会议,2008,25,0,NA
在山东潍坊，借助农民专业合作社，银行与贷款农户紧密握手，农户、银行、合作社三方实现共赢—— 信贷支农好纽带,信贷支农,合作社,贷款,2008,17,0,NA
政府主导 优势互补 合作共赢 浙江山海协作推动区域协调发展,区域,地方发展,“山海协作工程”,2008,21,0,NA
研究国际政治经济关系的新视角（——《共赢性博弈论》简评）,国际,政治经济关系,见解,2007,14,0,NA
澳新北京文化节：交流为了共赢（文化现场）,北京文化,文化交流,北京歌剧舞剧院,2007,7,0,NA
共同推动经济全球化朝着均衡普惠共赢方向发展,经济全球化,方向发展,朝着均衡,2007,28,0,NA
东西共赢架新桥（高举旗帜　科学发展·贯彻落实十七大精神）,科学,东西共赢,十七大精神,2007,26,0,NA
深化互信合作  促进互利共赢,合作,互利共赢,中日关系,2007,22,0,NA
扩大合作  互利共赢,互利共赢,扩大合作,经贸,2007,21,0,NA
促进中非务实合作互利共赢,中国,中非务实合作,政策,2007,5,0,NA
发挥优势搭建服务平台 加强交流实现合作共赢 上海在服务全国中谋发展,合作交流,资源,大型企业,2007,10,0,NA
搭建桥梁 合作共赢,合作共赢,搭建桥梁,东盟媒体,2007,29,0,NA
中国愿与世界各国在共同发展中实现互利共赢,合作,国际投资,共同发展,2007,9,0,NA
维护公平原则  坚持互利共赢,中美关系,经贸,互利共赢,2007,4,0,NA
东北亚投资贸易博览会暨东北亚经贸合作高层论坛开幕（曾培炎希望加强区域合作，实现互利共赢，共创东北亚繁荣和谐美好的明天）,合作,东北亚,博览会,2007,3,0,NA
吉林白山发展与环保互促共赢,环保,环境,工业总产值,2007,11,0,NA
解决环境问题的共赢之策（国际论坛）,环境问题,发达国家,发展中国家,2007,7,0,NA
互利共赢谋发展,互利共赢,合作,中南关系,2007,19,0,NA
中石油：奉献能源 互利共赢（中国企业走出去）,企业,能源,互利共赢,2007,13,0,NA
中石油：奉献能源 互利共赢（中国企业走出去）,企业,能源,互利共赢,2007,13,0,NA
合则共赢—— 透过ＣＥＰＡ看香港经济的下一个十年,香港经济,ＣＥＰＡ,服务业,2007,1,0,NA
“中国入世带来了共赢”,帕斯卡尔·拉米,入世,世贸组织,2007,18,0,NA
搭建互利共赢大平台（热点对话）,对话,中美关系,经济,2007,25,0,NA
“携手合作，互利共赢”,互利共赢,经贸合作,演说,2007,26,0,NA
坚持互利共赢　促进共同发展  全面推进中非新型战略伙伴关系,战略,坚持,合作,2007,26,0,NA
内地香港证券市场实现互利共赢,香港证券市场,企业,内地企业,2007,21,0,NA
产业结构调高调优调轻  中外企业实现互利共赢 南京构筑开放型经济发展新格局（科学发展　共建和谐）,开放型经济,科学发展,经济建设,2007,28,0,NA
产业结构调高调优调轻  中外企业实现互利共赢 南京构筑开放型经济发展新格局（科学发展　共建和谐）,开放型经济,科学发展,经济建设,2007,28,0,NA
“联合发展、联合经营”（——广电体制改革的“南方模式”实现共赢）,联合经营,广东广播电视,南方电视台,2007,20,0,NA
一湾碧水求共赢,北部湾,合作,经济合作,2007,20,0,NA
温家宝总理出席第二届东亚峰会（发表题为《合作共赢 携手并进》的讲话）,首脑会议,东亚,出席,2007,16,0,NA
温家宝总理出席第二届东亚峰会（发表题为《合作共赢 携手并进》的讲话）,首脑会议,东亚,出席,2007,16,0,NA
合作共赢　携手并进,合作共赢,能源,教育,2007,16,0,NA
化挑战为机遇（提高开放水平　实现互利共赢⑦）,入世,中国,经济,2006,19,0,NA
这五年就像坐过山车（感言●提高开放水平 实现互利共赢⑥）,像坐,山车,国际,2006,18,0,NA
胡锦涛会见出席中美战略经济对话的美方代表（指出双方应本着互利共赢、共同发展的精神，把两国经贸合作的良好势头保持和发展下去。同时应通过坦诚对话、友好协商，以积极的态度处理两国经贸合作中存在的问题）,中美关系,战略经济对话,经济,2006,16,0,NA
期待与高手过招（感言 提高开放水平 实现互利共赢⑤）,世贸组织,关键词,档案,2006,15,0,NA
开放使中外资银行共赢（提高开放水平 实现互利共赢④）,中外资银行,互利共赢,中国银行业,2006,14,0,NA
车价降 车型增 汽车文化在形成（提高开放水平 实现互利共赢③）,汽车文化,车价,进口,2006,13,0,NA
外资对零售业冲击不大(提高开放水平 实现互利共赢②),外资,零售业,商业,2006,12,0,NA
互利共赢 提高水平（经济热点）,经济,中国,互利共赢,2006,11,0,NA
双赢 多赢 共赢（思想纵横）,双赢,多赢,中国,2006,1,0,NA
推动共同发展 谋求和谐共赢,共同发展,谋求和谐共赢,合作,2006,19,0,NA
携手·合作·共赢,合作,中越关系,集团成衣生产车间,2006,15,0,NA
加强中非合作 促进互利共赢,中非合作,中非企业家大会,互利共赢,2006,5,0,NA
和谐·友谊·合作·共赢,合作,中国,访问,2006,5,0,NA
深化友谊 促进共赢（首脑访谈）,合作,阿马杜·图马尼·杜尔,福雷·纳辛贝,2006,4,0,NA
平等互信 合作共赢,合作共赢,平等互信,对话,2006,30,0,NA
平等互信 合作共赢,合作共赢,平等互信,对话,2006,30,0,NA
互惠互利  携手共赢,区域,经济,自由贸易区,2006,27,0,NA
广东经济与资源环境和谐共赢(落实科学发展观·构建和谐社会·以科学发展增强和谐社会物质基础),经济,资源,环境,2006,22,0,NA
“中欧科技年”正式启动（作为中欧关系史的一件大事，这项以“携手创新，互利共赢”为主题的活动，将促进双方进一步利用国际科技资源，加强从基础研究到技术创新的全方位合作）,“中欧科技年”,科技合作,欧盟研究总司,2006,12,0,NA
加强合作  互利共赢,意大利工业家联合会,合作,企业,2006,15,0,NA
开创中欧关系合作、共赢、和谐的新局面,中欧关系合作,国际,能源,2006,15,0,NA
坚持互利共赢　加强合作创新,合作,创新,坚持,2006,13,0,NA
深化区域合作　实现互利共赢,区域合作,北部湾地区,经济合作,2006,21,0,NA
中国  务实接触 合作共赢,合作,能源安全,发展中国家,2006,14,0,NA
平等合作 互利共赢,合作,西亚非洲研究所,互利共赢,2006,23,0,NA
中非合作共赢（国际论坛）,中非合作,合作共赢,友好,2006,25,0,NA
亚洲共赢正逢良机（国际论坛）,经济,和平,合作,2006,22,0,NA
协商　合作　共赢（视点）,合作,中美关系,出口,2006,19,0,NA
扩大交流合作　实现互利共赢,合作,中美关系,经贸,2006,17,0,NA
扩大交流合作　实现互利共赢,合作,交流,中美经贸论坛,2006,16,0,NA
上海电影市场探索多元票价、薄利共赢新路—— 票价降了，票房火了！,上海电影市场,营销,上海电影集团,2006,14,0,NA
积极落实互利共赢开放战略　促进我国经济又快又好发展,中国,经济,又快又好发展,2006,20,0,NA
森林与城市互融　生态和经济共赢 贵阳构建生态经济城市,生态经济城市,建设,城市建设,2006,13,0,NA
胜在决策　互利共赢（自主创新榜）,自主创新,决策,技术,2006,4,0,NA
中美纺织共赢研讨会举行,中美纺织共赢研讨会,中美关系,文化交流,2005,31,0,NA
开放拉动增长　合作谋求共赢（2005年终报道）,合作,对外贸易,中国,2005,23,0,NA
从战略高度规划未来　以互利共赢推进合作,合作,战略,规划,2005,16,0,NA
坚持开放包容　实现互利共赢,坚持,合作,互利共赢,2005,15,0,NA
中拉关系实现共赢,拉美研究所,发展中国家,企业,2005,2,0,NA
亚非携手　互利共赢,中国亚非发展交流协会,专家,研讨会,2005,28,0,NA
树立开放思维　实现合作共赢,合作共赢,树立开放思维,能源,2005,20,0,NA
胡锦涛在亚太经合组织工商领导人峰会上发表重要演讲（强调树立开放思维　实现合作共赢）,首脑会议,工商领导人,领导人峰会,2005,18,0,NA
共赢，是这样实现的（关注）,企业,九洲公司,职工,2005,18,0,NA
胡锦涛出席首届中西工商峰会开幕式并发表重要讲话（希望两国企业家扩大合作实现互利共赢）,首脑会议,峰会开幕式,出席,2005,16,0,NA
求合作  谋共赢（通讯）,合作,恰那铁矿,澳大利亚中西部铁矿公司,2005,1,0,NA
共生才能共赢（体坛走笔）,鲁能泰山足球俱乐部,职业足球俱乐部,文化,2005,27,0,NA
文化节中有商机　多方协作求共赢 荷兰迎来“中国热”（通讯）,“中国热”,文化节组委会,音乐,2005,23,0,NA
中国立足扩大国内需求促进经济发展坚持实施互利共赢对外开放战略,扩大国内需求,经济建设,坚持,2005,18,0,NA
积极开展国际科技交流与合作　实现互利共赢共同发展,科技交流,合作,国际,2005,14,0,NA
携手开创未来　推动合作共赢,合作共赢,开创未来,世界经济,2005,8,0,NA
合作共赢　和谐发展,合作,和谐发展,太平洋盆地经济理事会,2005,14,0,NA
海外基金与中国房地产业如何共赢,房地产,海外基金,市场,2005,13,0,NA
中俄两国实现互利共赢,中俄关系,投资,合作,2005,10,0,NA
最终目标：各国共存共赢,最终目标,共存共赢,和平,2005,6,0,NA
优势互补　合作共赢（综述）,欧盟,合作共赢,优势互补,2005,7,0,NA
合作·和谐·发展·共赢,合作,经济,企业,2005,25,0,NA
融入中国互利共赢（扎根中国）,互利共赢,三星集团,战略,2005,5,0,NA
互利共赢　共同发展（2004年终报道）,中国,共同发展,进出口,2004,30,0,NA
中印　矿业合作互利共赢（新闻脉络）,中印关系,矿业合作,新闻,2004,2,0,NA
平等·互信·合作·共赢,合作,会议,中日关系,2004,1,0,NA
加强合作　互惠共赢,东亚合作联合研究大会,互惠共赢,经济,2004,30,0,NA
胡锦涛发表重要演讲（指出人类的发展既面临难得机遇，也面临严峻挑战，我们的正确选择只能是推进合作共赢，我们的共同目标只能是实现可持续发展）,演说,颁布,合作,2004,21,0,NA
推进合作共赢实现持续发展,合作共赢,经济,发展中国家,2004,21,0,NA
加强沟通　实现共赢,非正式对话,央行行长,国际,2004,4,0,NA
优势互补　互动共赢（理念信息）,互动共赢,北京市社科联,优势互补,2004,16,0,NA
共存　共享　共赢,国际人口与发展论坛,发展中国家,计划生育,2004,7,0,NA
加强交流　互利共赢,交流,互利共赢,柬埔寨人民党,2004,6,0,NA
抓住合作机遇　推促两地共赢,合作,经济,CEPA,2004,29,0,NA
完善合作机制　实现互惠共赢 浙川加强经济社会各领域合作,经济社会,领域合作,交流,2004,17,0,NA
能源：挑战与合作　共赢：经济一体化,能源,经济一体化,合作,2004,25,0,NA
博鳌亚洲论坛　亚洲寻求共赢,博鳌亚洲论坛,经济合作,亚洲寻求,2004,23,0,NA
平衡发展才能共赢,史蒂芬·罗奇,平衡发展,经济建设,2004,23,0,NA
服饰业与百货业探讨共赢合作,服饰业与百货业,研讨会,合作,2004,19,0,NA
博鳌亚洲论坛举行全体大会（与会政要和代表围绕“亚洲寻求共赢：合作促进发展”年会主题各抒己见）,博鳌亚洲论坛,合作,经济,2003,3,0,NA
温家宝将出席第二届博鳌亚洲论坛年会（发表“把握机遇、迎接挑战、实现共赢”主旨演讲）,博鳌亚洲论坛,出席,章启月,2003,22,0,NA
融入世界　合作共赢 上海汽车工业驶入发展快车道,上海汽车工业,上汽集团,出口,2003,26,0,NA
打造“第一汽车”品牌实现与伙伴的共赢,“第一汽车”,汽车工业,历史,2003,26,0,NA
主动接轨  加强协作  发挥优势  实现共赢 浙江积极融入长三角经济圈（新思路  新突破  新局面  新举措）,经济圈,融入长三角,长江三角洲,2003,22,0,NA
中国获胜　世界共赢,上海世博会,申博,信用,2002,4,0,NA
增进信任  互惠共赢,中美关系,访问,信用,2002,5,0,NA
携手前进  互补共赢,互补共赢,携手前进,创新,2002,14,0,NA
合作  互利  共赢,合作,一汽集团公司,竞争,2001,1,0,NA
中国入世谈判结果是双赢和共赢,对话,世贸组织,入世,2001,19,0,NA
从共难到共赢,企业,贷款,经营,2001,3,0,NA
平等  互惠  共赢  共存,经济全球化,发展中国家,经济建设,2001,19,0,NA
平等  互惠  共赢  共存,经济全球化,信息技术,信息,2001,15,0,NA
世界需要“共赢”的经济全球化,经济全球化,发展中国家,发达国家,2000,12,0,NA
平等互惠　共赢共存（通讯）,领导人,亚太,会议,2000,17,0,NA
